product,source_type,year,month,month_label,total_records,usable_records,min_required_usable_records,usable_daytime_records,usable_midday_afternoon_records,mean_coverage_percent,min_coverage_percent,median_coverage_percent,tiny_footprint_records,status,total_morning,total_midday_afternoon,total_evening,total_night,total_unknown,usable_morning,usable_midday_afternoon,usable_evening,usable_night,usable_unknown
esi,raster,2019,1,January,1,1,3,0,0,99.84173117320366,99.84173117320366,99.84173117320366,0,low_observation_count,0,0,1,0,0,0,0,1,0,0
esi,raster,2019,2,February,14,10,3,8,6,93.7140555050831,27.5243877874018,100.0,3,usable,2,9,3,0,0,2,6,2,0,0
esi,,2019,3,March,0,0,3,0,0,,,,0,missing,0,0,0,0,0,0,0,0,0,0
esi,,2019,4,April,0,0,3,0,0,,,,0,missing,0,0,0,0,0,0,0,0,0,0
esi,,2019,5,May,0,0,3,0,0,,,,0,missing,0,0,0,0,0,0,0,0,0,0
esi,raster,2019,6,June,14,7,3,7,4,69.49739873222254,0.6704843026099968,85.09539293833271,2,usable,4,7,3,0,0,3,4,0,0,0
esi,raster,2020,1,January,1,1,3,0,0,100.0,100.0,100.0,0,low_observation_count,0,0,1,0,0,0,0,1,0,0
esi,raster,2020,2,February,3,2,3,2,2,81.98037466547726,49.08347961209749,96.85764438433426,0,low_observation_count,0,3,0,0,0,0,2,0,0,0
esi,raster,2020,3,March,3,1,3,0,0,95.04282850373609,85.12848551120831,100.0,2,low_observation_count,0,0,3,0,0,0,0,1,0,0
esi,raster,2020,4,April,14,11,3,9,4,84.11083750930085,1.0560847169865617,100.0,1,usable,5,7,2,0,0,5,4,2,0,0
esi,raster,2020,5,May,1,1,3,1,0,100.0,100.0,100.0,0,low_observation_count,1,0,0,0,0,1,0,0,0,0
esi,raster,2020,6,June,15,5,3,5,2,51.434682934783645,1.1021265575091364,50.89062185260856,1,usable,5,8,2,0,0,3,2,0,0,0
esi,raster,2021,1,January,3,0,3,0,0,41.41175793502345,3.539466490172945,20.69580731489741,1,no_usable_records,0,1,2,0,0,0,0,0,0,0
esi,raster,2021,2,February,15,14,3,13,10,99.90369581690695,98.56982532876752,100.0,1,usable,3,11,1,0,0,3,10,1,0,0
esi,raster,2021,3,March,5,5,3,2,0,97.42971425282727,87.76438088112573,99.78130125751775,0,time_bin_limited,2,0,3,0,0,2,0,3,0,0
esi,raster,2021,4,April,16,12,3,11,5,80.22826681246583,0.5927886967281517,99.98848953986935,1,usable,8,7,1,0,0,6,5,1,0,0
esi,raster,2021,5,May,9,5,3,3,0,74.42471679472054,25.82083968806653,84.75151794192973,0,usable_with_daytime_fallback,5,0,4,0,0,3,0,2,0,0
esi,raster,2021,6,June,14,9,3,8,2,79.23101904570062,3.320767747690714,94.38145664872953,1,usable,7,3,4,0,0,6,2,1,0,0
esi,raster,2022,1,January,2,1,3,0,0,50.418692987252165,0.8373859745043307,50.418692987252165,0,low_observation_count,0,0,2,0,0,0,0,1,0,0
esi,raster,2022,2,February,15,13,3,10,7,96.6071000354906,84.38030560271646,100.0,2,usable,3,9,3,0,0,3,7,3,0,0
esi,raster,2022,3,March,2,2,3,0,0,91.12399643175736,82.85516963540618,91.12399643175736,0,low_observation_count,0,0,2,0,0,0,0,2,0,0
esi,raster,2022,4,April,21,17,3,15,9,84.4233327989191,2.6272625248194297,99.95395815947742,1,usable,6,12,3,0,0,6,9,2,0,0
esi,raster,2022,5,May,5,2,3,1,0,64.18290121147592,28.804926476935915,63.88017611004,0,low_observation_count,1,0,4,0,0,1,0,1,0,0
esi,raster,2022,6,June,22,11,3,9,4,59.962172442388834,0.0345313803919311,65.74918707375326,0,usable,7,9,6,0,0,5,4,2,0,0
esi,raster,2023,1,January,3,3,3,1,1,99.11177615991865,97.33532847975596,100.0,0,time_bin_limited,0,1,2,0,0,0,1,2,0,0
esi,raster,2023,2,February,20,16,3,13,8,86.21190757100516,10.845731058099048,100.0,1,usable,7,10,3,0,0,5,8,3,0,0
esi,raster,2023,3,March,6,4,3,1,1,59.04194603512608,4.333688239187362,80.70990762855745,0,time_bin_limited,1,1,4,0,0,0,1,3,0,0
esi,raster,2023,4,April,24,19,3,16,9,78.50805252606641,0.8863054300595666,90.55278984777416,0,usable,8,13,3,0,0,7,9,3,0,0
esi,raster,2023,5,May,3,2,3,1,0,62.86821482355424,16.192339788783055,84.2680786164427,0,low_observation_count,2,0,1,0,0,1,0,1,0,0
esi,raster,2023,6,June,22,10,3,10,3,59.857310647782306,0.0374089954245921,66.09737849270525,1,usable,10,10,2,0,0,7,3,0,0,0
esi,,2024,1,January,0,0,3,0,0,,,,0,missing,0,0,0,0,0,0,0,0,0,0
esi,raster,2024,2,February,2,2,3,2,2,92.30237978763202,84.60475957526403,92.30237978763202,0,low_observation_count,0,2,0,0,0,0,2,0,0,0
esi,,2024,3,March,0,0,3,0,0,,,,0,missing,0,0,0,0,0,0,0,0,0,0
esi,,2024,4,April,0,0,3,0,0,,,,0,missing,0,0,0,0,0,0,0,0,0,0
esi,,2024,5,May,0,0,3,0,0,,,,0,missing,0,0,0,0,0,0,0,0,0,0
esi,raster,2024,6,June,2,1,3,1,1,55.95666311760812,12.64999568357745,55.95666311760812,0,low_observation_count,0,2,0,0,0,0,1,0,0,0
esi,raster,2025,1,January,2,2,3,0,0,100.0,100.0,100.0,0,low_observation_count,0,0,2,0,0,0,0,2,0,0
esi,raster,2025,2,February,11,10,3,10,6,90.52375209608095,30.459555120715955,99.3439037725533,0,usable,5,6,0,0,0,4,6,0,0,0
esi,raster,2025,3,March,1,1,3,1,1,93.55701994187216,93.55701994187216,93.55701994187216,0,low_observation_count,0,1,0,0,0,0,1,0,0,0
esi,raster,2025,4,April,9,8,3,7,2,98.27854674046151,84.50692066415355,100.0,1,usable,6,2,1,0,0,5,2,1,0,0
esi,raster,2025,5,May,3,2,3,2,2,66.49880578976143,0.0057552300653218,99.490662139219,0,low_observation_count,0,2,1,0,0,0,2,0,0,0
esi,raster,2025,6,June,6,4,3,4,1,77.05581613958351,38.75571925987742,87.40755661707577,0,usable_with_daytime_fallback,4,2,0,0,0,3,1,0,0,0
et,raster,2019,1,January,1,1,3,0,0,99.84173117320366,99.84173117320366,99.84173117320366,0,low_observation_count,0,0,1,0,0,0,0,1,0,0
et,raster,2019,2,February,14,10,3,8,6,93.7140555050831,27.5243877874018,100.0,3,usable,2,9,3,0,0,2,6,2,0,0
et,,2019,3,March,0,0,3,0,0,,,,0,missing,0,0,0,0,0,0,0,0,0,0
et,,2019,4,April,0,0,3,0,0,,,,0,missing,0,0,0,0,0,0,0,0,0,0
et,,2019,5,May,0,0,3,0,0,,,,0,missing,0,0,0,0,0,0,0,0,0,0
et,raster,2019,6,June,13,7,3,7,4,67.15104478854734,0.6704843026099968,73.86262265834077,1,usable,3,7,3,0,0,3,4,0,0,0
et,raster,2020,1,January,1,1,3,0,0,100.0,100.0,100.0,0,low_observation_count,0,0,1,0,0,0,0,1,0,0
et,raster,2020,2,February,3,2,3,2,2,81.98037466547726,49.08347961209749,96.85764438433426,0,low_observation_count,0,3,0,0,0,0,2,0,0,0
et,raster,2020,3,March,3,1,3,0,0,95.04282850373609,85.12848551120831,100.0,2,low_observation_count,0,0,3,0,0,0,0,1,0,0
et,raster,2020,4,April,14,11,3,9,4,84.11083750930085,1.0560847169865617,100.0,1,usable,5,7,2,0,0,5,4,2,0,0
et,raster,2020,5,May,1,1,3,1,0,100.0,100.0,100.0,0,low_observation_count,1,0,0,0,0,1,0,0,0,0
et,raster,2020,6,June,15,5,3,5,2,51.434682934783645,1.1021265575091364,50.89062185260856,1,usable,5,8,2,0,0,3,2,0,0,0
et,raster,2021,1,January,3,0,3,0,0,41.41175793502345,3.539466490172945,20.69580731489741,1,no_usable_records,0,1,2,0,0,0,0,0,0,0
et,raster,2021,2,February,15,14,3,13,10,99.90369581690695,98.56982532876752,100.0,1,usable,3,11,1,0,0,3,10,1,0,0
et,raster,2021,3,March,5,5,3,2,0,97.42971425282727,87.76438088112573,99.78130125751775,0,time_bin_limited,2,0,3,0,0,2,0,3,0,0
et,raster,2021,4,April,16,12,3,11,5,80.22826681246583,0.5927886967281517,99.98848953986935,1,usable,8,7,1,0,0,6,5,1,0,0
et,raster,2021,5,May,9,5,3,3,0,74.42471679472054,25.82083968806653,84.75151794192973,0,usable_with_daytime_fallback,5,0,4,0,0,3,0,2,0,0
et,raster,2021,6,June,14,9,3,8,2,79.23101904570062,3.320767747690714,94.38145664872953,1,usable,7,3,4,0,0,6,2,1,0,0
et,raster,2022,1,January,2,1,3,0,0,50.418692987252165,0.8373859745043307,50.418692987252165,0,low_observation_count,0,0,2,0,0,0,0,1,0,0
et,raster,2022,2,February,15,13,3,10,7,96.6071000354906,84.38030560271646,100.0,2,usable,3,9,3,0,0,3,7,3,0,0
et,raster,2022,3,March,2,2,3,0,0,91.12399643175736,82.85516963540618,91.12399643175736,0,low_observation_count,0,0,2,0,0,0,0,2,0,0
et,raster,2022,4,April,21,17,3,15,9,84.4233327989191,2.6272625248194297,99.95395815947742,1,usable,6,12,3,0,0,6,9,2,0,0
et,raster,2022,5,May,5,2,3,1,0,64.18290121147592,28.804926476935915,63.88017611004,0,low_observation_count,1,0,4,0,0,1,0,1,0,0
et,raster,2022,6,June,22,11,3,9,4,59.962172442388834,0.0345313803919311,65.74918707375326,0,usable,7,9,6,0,0,5,4,2,0,0
et,raster,2023,1,January,3,3,3,1,1,99.11177615991865,97.33532847975596,100.0,0,time_bin_limited,0,1,2,0,0,0,1,2,0,0
et,raster,2023,2,February,20,16,3,13,8,86.21190757100516,10.845731058099048,100.0,1,usable,7,10,3,0,0,5,8,3,0,0
et,raster,2023,3,March,6,4,3,1,1,59.04194603512608,4.333688239187362,80.70990762855745,0,time_bin_limited,1,1,4,0,0,0,1,3,0,0
et,raster,2023,4,April,24,19,3,16,9,78.50805252606641,0.8863054300595666,90.55278984777416,0,usable,8,13,3,0,0,7,9,3,0,0
et,raster,2023,5,May,3,2,3,1,0,62.86821482355424,16.192339788783055,84.2680786164427,0,low_observation_count,2,0,1,0,0,1,0,1,0,0
et,raster,2023,6,June,22,10,3,10,3,59.857310647782306,0.0374089954245921,66.09737849270525,1,usable,10,10,2,0,0,7,3,0,0,0
et,,2024,1,January,0,0,3,0,0,,,,0,missing,0,0,0,0,0,0,0,0,0,0
et,raster,2024,2,February,2,2,3,2,2,92.30237978763202,84.60475957526403,92.30237978763202,0,low_observation_count,0,2,0,0,0,0,2,0,0,0
et,,2024,3,March,0,0,3,0,0,,,,0,missing,0,0,0,0,0,0,0,0,0,0
et,,2024,4,April,0,0,3,0,0,,,,0,missing,0,0,0,0,0,0,0,0,0,0
et,,2024,5,May,0,0,3,0,0,,,,0,missing,0,0,0,0,0,0,0,0,0,0
et,raster,2024,6,June,2,1,3,1,1,55.95666311760812,12.64999568357745,55.95666311760812,0,low_observation_count,0,2,0,0,0,0,1,0,0,0
et,raster,2025,1,January,2,2,3,0,0,100.0,100.0,100.0,0,low_observation_count,0,0,2,0,0,0,0,2,0,0
et,raster,2025,2,February,11,10,3,10,6,90.52375209608095,30.459555120715955,99.3439037725533,0,usable,5,6,0,0,0,4,6,0,0,0
et,raster,2025,3,March,1,1,3,1,1,93.55701994187216,93.55701994187216,93.55701994187216,0,low_observation_count,0,1,0,0,0,0,1,0,0,0
et,raster,2025,4,April,9,8,3,7,2,98.27854674046151,84.50692066415355,100.0,1,usable,6,2,1,0,0,5,2,1,0,0
et,raster,2025,5,May,3,2,3,2,2,66.49880578976143,0.0057552300653218,99.490662139219,0,low_observation_count,0,2,1,0,0,0,2,0,0,0
et,raster,2025,6,June,6,4,3,4,1,77.05581613958351,38.75571925987742,87.40755661707577,0,usable_with_daytime_fallback,4,2,0,0,0,3,1,0,0,0
ndvi,raster,2019,1,January,2,2,5,0,0,99.96834623464073,99.94532531437945,99.96834623464073,0,low_observation_count,0,0,2,0,0,0,0,2,0,0
ndvi,raster,2019,2,February,48,32,5,30,24,99.96852608558027,99.78130125751775,99.99712238496734,16,usable,8,36,4,0,0,6,24,2,0,0
ndvi,,2019,3,March,0,0,5,0,0,,,,0,missing,0,0,0,0,0,0,0,0,0,0
ndvi,,2019,4,April,0,0,5,0,0,,,,0,missing,0,0,0,0,0,0,0,0,0,0
ndvi,,2019,5,May,0,0,5,0,0,,,,0,missing,0,0,0,0,0,0,0,0,0,0
ndvi,raster,2019,6,June,32,24,5,20,14,99.85270208051567,99.26045293660614,100.0,8,usable,8,18,6,0,0,6,14,4,0,0
ndvi,raster,2020,1,January,4,2,5,0,0,99.97841788725503,99.91367154902017,100.0,2,low_observation_count,0,0,4,0,0,0,0,2,0,0
ndvi,raster,2020,2,February,12,10,5,10,10,99.95683577451008,99.81007740784436,99.99856119248366,2,usable,0,10,2,0,0,0,10,0,0,0
ndvi,raster,2020,3,March,14,10,5,0,0,99.92929288776891,99.59425628039482,99.97554027222239,4,usable,0,0,14,0,0,0,0,10,0,0
ndvi,raster,2020,4,April,62,44,5,36,26,99.95502566182826,99.44174268366378,100.0,18,usable,16,32,14,0,0,10,26,8,0,0
ndvi,raster,2020,5,May,4,2,5,2,0,99.95683577451008,99.82734309804034,100.0,2,low_observation_count,4,0,0,0,0,2,0,0,0,0
ndvi,raster,2020,6,June,50,38,5,32,16,99.94325343155593,99.16261402549569,100.0,12,usable,18,26,6,0,0,16,16,6,0,0
ndvi,raster,2021,1,January,8,6,5,2,2,99.81763114730512,99.50792782941498,100.0,2,usable,0,4,4,0,0,0,2,4,0,0
ndvi,raster,2021,2,February,41,35,5,33,29,99.94385141399685,99.52231590457828,100.0,6,usable,4,35,2,0,0,4,29,2,0,0
ndvi,raster,2021,3,March,7,6,5,2,0,99.95395815947742,99.79856694771372,99.98273430980404,1,usable,2,0,5,0,0,2,0,4,0,0
ndvi,raster,2021,4,April,52,36,5,32,16,99.99540688369787,99.9107939339875,100.0,16,usable,24,22,6,0,0,16,16,4,0,0
ndvi,raster,2021,5,May,26,24,5,10,0,99.97653636973368,99.87914016862824,100.0,2,usable,10,0,16,0,0,10,0,14,0,0
ndvi,raster,2021,6,June,46,32,5,24,10,99.98154572968187,99.81295502287703,100.0,14,usable,22,16,8,0,0,14,10,8,0,0
ndvi,raster,2022,1,January,3,1,5,0,0,99.62303243072142,98.86909729216426,100.0,2,low_observation_count,0,1,2,0,0,0,0,1,0,0
ndvi,raster,2022,2,February,19,17,5,14,11,99.73177598827145,99.499294984317,99.68921757647264,2,usable,3,12,4,0,0,3,11,3,0,0
ndvi,raster,2022,3,March,3,3,5,0,0,99.74868828714762,99.6834623464073,99.6978504215706,0,low_observation_count,0,0,3,0,0,0,0,3,0,0
ndvi,raster,2022,4,April,60,42,5,36,22,99.88283310792015,98.12667261373772,100.0,18,usable,24,24,12,0,0,14,22,6,0,0
ndvi,raster,2022,5,May,22,12,5,4,0,99.4898773351192,97.91948433138614,100.0,10,usable,8,0,14,0,0,4,0,8,0,0
ndvi,raster,2022,6,June,54,44,5,36,24,99.93472077009243,99.08779603464647,100.0,10,usable,18,26,10,0,0,12,24,8,0,0
ndvi,raster,2023,1,January,15,12,5,2,1,99.86283368344316,99.41296653333715,99.9482029294121,3,usable,1,2,5,7,0,1,1,3,7,0
ndvi,raster,2023,2,February,22,20,5,19,11,99.5799990059148,99.2431872464102,99.51224425196398,2,usable,8,13,1,0,0,8,11,1,0,0
ndvi,raster,2023,3,March,8,8,5,2,1,99.93057753733706,99.89352824379154,99.91223274150386,0,usable,1,1,6,0,0,1,1,6,0,0
ndvi,raster,2023,4,April,66,50,5,44,22,99.93342245219888,98.81154499151104,100.0,16,usable,32,26,8,0,0,22,22,6,0,0
ndvi,raster,2023,5,May,12,8,5,4,0,99.99712238496734,99.96546861960806,100.0,4,usable,6,0,6,0,0,4,0,4,0,0
ndvi,raster,2023,6,June,60,48,5,38,16,99.90316825415094,99.13671549020172,100.0,12,usable,26,24,8,2,0,22,16,8,2,0
ndvi,raster,2024,1,January,6,4,5,0,0,99.65084937603713,99.34678138758596,99.60576674052544,2,low_observation_count,0,2,4,0,0,0,0,4,0,0
ndvi,raster,2024,2,February,12,6,5,5,4,99.88825261623167,99.34678138758596,100.0,6,usable,2,8,1,1,0,1,4,0,1,0
ndvi,raster,2024,3,March,6,4,5,0,0,99.944845711874,99.6978504215706,99.99136715490202,2,low_observation_count,0,0,2,4,0,0,0,1,3,0
ndvi,raster,2024,4,April,16,10,5,10,8,99.99496417369284,99.97697907973873,100.0,6,usable,4,12,0,0,0,2,8,0,0,0
ndvi,raster,2024,5,May,4,4,5,0,0,99.97985669477137,99.95971338954274,99.97985669477137,0,low_observation_count,0,0,2,2,0,0,0,2,2,0
ndvi,raster,2024,6,June,24,18,5,14,8,99.98968854613297,99.8676297084976,100.0,6,usable,12,8,0,4,0,6,8,0,4,0
ndvi,raster,2025,1,January,15,12,5,2,2,99.62437531773665,97.15403873269834,99.87050732353026,3,usable,0,2,7,6,0,0,2,4,6,0
ndvi,raster,2025,2,February,20,14,5,14,8,99.91626140254955,99.67482950130932,99.93093723921614,6,usable,10,10,0,0,0,6,8,0,0,0
ndvi,raster,2025,3,March,5,4,5,3,3,99.79396276366148,99.2345544013122,99.88777301372622,1,low_observation_count,0,3,0,2,0,0,3,0,1,0
ndvi,raster,2025,4,April,26,22,5,20,8,99.90227176639078,99.08779603464647,100.0,4,usable,14,10,2,0,0,12,8,2,0,0
ndvi,raster,2025,5,May,10,8,5,4,4,99.99942447699347,99.99712238496734,100.0,2,usable,0,4,6,0,0,0,4,4,0,0
ndvi,raster,2025,6,June,34,30,5,28,12,99.91925750761298,99.27196339673678,100.0,4,usable,18,14,2,0,0,16,12,2,0,0
pet,statistics_csv,2019,1,January,1,1,3,0,0,99.8149,99.8149,99.8149,0,low_observation_count,0,0,1,0,0,0,0,1,0,0
pet,statistics_csv,2019,2,February,14,10,3,8,6,72.37127857142858,0.3337,99.75885,0,usable,2,9,3,0,0,2,6,2,0,0
pet,,2019,3,March,0,0,3,0,0,,,,0,missing,0,0,0,0,0,0,0,0,0,0
pet,,2019,4,April,0,0,3,0,0,,,,0,missing,0,0,0,0,0,0,0,0,0,0
pet,,2019,5,May,0,0,3,0,0,,,,0,missing,0,0,0,0,0,0,0,0,0,0
pet,statistics_csv,2019,6,June,14,7,3,7,4,58.526764285714286,0.1879,65.26145,0,usable,4,7,3,0,0,3,4,0,0,0
pet,statistics_csv,2020,1,January,1,1,3,0,0,100.0,100.0,100.0,0,low_observation_count,0,0,1,0,0,0,0,1,0,0
pet,statistics_csv,2020,2,February,3,2,3,2,2,82.0431,49.4126,96.7167,0,low_observation_count,0,3,0,0,0,0,2,0,0,0
pet,statistics_csv,2020,3,March,3,1,3,0,0,28.611633333333327,0.3337,0.3337,0,low_observation_count,0,0,3,0,0,0,0,1,0,0
pet,statistics_csv,2020,4,April,14,11,3,9,4,76.99145,0.3337,100.0,0,usable,5,7,2,0,0,5,4,2,0,0
pet,statistics_csv,2020,5,May,1,1,3,1,0,100.0,100.0,100.0,0,low_observation_count,1,0,0,0,0,1,0,0,0,0
pet,statistics_csv,2020,6,June,15,5,3,5,2,44.87218666666667,0.3337,35.2418,0,usable,5,8,2,0,0,3,2,0,0,0
pet,statistics_csv,2021,1,January,3,0,3,0,0,8.431233333333333,0.3337,3.7740000000000005,0,no_usable_records,0,1,2,0,0,0,0,0,0,0
pet,statistics_csv,2021,2,February,15,14,3,13,10,93.25968666666668,0.3337,100.0,0,usable,3,11,1,0,0,3,10,1,0,0
pet,statistics_csv,2021,3,March,5,5,3,2,0,97.4384,87.8677,99.7869,0,time_bin_limited,2,0,3,0,0,2,0,3,0,0
pet,statistics_csv,2021,4,April,16,12,3,11,5,74.03898125,0.3337,98.5995,0,usable,8,7,1,0,0,6,5,1,0,0
pet,statistics_csv,2021,5,May,9,5,3,3,0,74.51626666666668,26.2554,84.75819999999999,0,usable_with_daytime_fallback,5,0,4,0,0,3,0,2,0,0
pet,statistics_csv,2021,6,June,14,9,3,8,2,72.0999,0.3337,90.62944999999999,0,usable,7,3,4,0,0,6,2,1,0,0
pet,statistics_csv,2022,1,January,2,1,3,0,0,50.4458,0.8916000000000001,50.4458,0,low_observation_count,0,0,2,0,0,0,0,1,0,0
pet,statistics_csv,2022,2,February,15,13,3,10,7,83.31492666666666,0.3337,98.6121,0,usable,3,9,3,0,0,3,7,3,0,0
pet,statistics_csv,2022,3,March,2,2,3,0,0,91.12575000000001,82.8824,91.12575000000001,0,low_observation_count,0,0,2,0,0,0,0,2,0,0
pet,statistics_csv,2022,4,April,21,17,3,15,9,79.68529523809524,0.3337,99.9495,0,usable,6,12,3,0,0,6,9,2,0,0
pet,statistics_csv,2022,5,May,5,2,3,1,0,64.20356000000001,28.6051,63.8189,0,low_observation_count,1,0,4,0,0,1,0,1,0,0
pet,statistics_csv,2022,6,June,22,11,3,9,4,59.97081818181818,0.0561,65.40729999999999,0,usable,7,9,6,0,0,5,4,2,0,0
pet,statistics_csv,2023,1,January,3,3,3,1,1,99.07846666666667,97.2354,100.0,0,time_bin_limited,0,1,2,0,0,0,1,2,0,0
pet,statistics_csv,2023,2,February,20,16,3,13,8,81.29539500000001,0.3337,100.0,0,usable,7,10,3,0,0,5,8,3,0,0
pet,statistics_csv,2023,3,March,6,4,3,1,1,59.09811666666667,4.5423,80.7234,0,time_bin_limited,1,1,4,0,0,0,1,3,0,0
pet,statistics_csv,2023,4,April,24,19,3,16,9,78.52375416666666,0.9645000000000001,90.5327,0,usable,8,13,3,0,0,7,9,3,0,0
pet,statistics_csv,2023,5,May,3,2,3,1,0,63.00946666666666,16.554,84.2815,0,low_observation_count,2,0,1,0,0,1,0,1,0,0
pet,statistics_csv,2023,6,June,22,10,3,10,3,55.42689545454546,0.0393,58.3387,0,usable,10,10,2,0,0,7,3,0,0,0
pet,,2024,1,January,0,0,3,0,0,,,,0,missing,0,0,0,0,0,0,0,0,0,0
pet,statistics_csv,2024,2,February,2,2,3,2,2,92.30340000000001,84.6068,92.30340000000001,0,low_observation_count,0,2,0,0,0,0,2,0,0,0
pet,,2024,3,March,0,0,3,0,0,,,,0,missing,0,0,0,0,0,0,0,0,0,0
pet,,2024,4,April,0,0,3,0,0,,,,0,missing,0,0,0,0,0,0,0,0,0,0
pet,,2024,5,May,0,0,3,0,0,,,,0,missing,0,0,0,0,0,0,0,0,0,0
pet,statistics_csv,2024,6,June,2,1,3,1,1,56.0648,12.881,56.0648,0,low_observation_count,0,2,0,0,0,0,1,0,0,0
pet,statistics_csv,2025,1,January,2,2,3,0,0,100.0,100.0,100.0,0,low_observation_count,0,0,2,0,0,0,0,2,0,0
pet,statistics_csv,2025,2,February,11,10,3,10,6,90.54432727272727,30.8902,99.3074,0,usable,5,6,0,0,0,4,6,0,0,0
pet,statistics_csv,2025,3,March,1,1,3,1,1,93.509,93.509,93.509,0,low_observation_count,0,1,0,0,0,0,1,0,0,0
pet,statistics_csv,2025,4,April,9,8,3,7,2,87.20687777777778,0.3337,100.0,0,usable,6,2,1,0,0,5,2,1,0,0
pet,statistics_csv,2025,5,May,3,2,3,2,2,66.50496666666668,0.0112,99.5037,0,low_observation_count,0,2,1,0,0,0,2,0,0,0
pet,statistics_csv,2025,6,June,6,4,3,4,1,77.15875,39.2233,87.4485,0,usable_with_daytime_fallback,4,2,0,0,0,3,1,0,0,0
wue,,2019,1,January,0,0,2,0,0,,,,0,missing,0,0,0,0,0,0,0,0,0,0
wue,statistics_csv,2019,2,February,10,0,2,0,0,4.86092,0.0084,3.55515,0,no_usable_records,0,8,2,0,0,0,0,0,0,0
wue,,2019,3,March,0,0,2,0,0,,,,0,missing,0,0,0,0,0,0,0,0,0,0
wue,,2019,4,April,0,0,2,0,0,,,,0,missing,0,0,0,0,0,0,0,0,0,0
wue,,2019,5,May,0,0,2,0,0,,,,0,missing,0,0,0,0,0,0,0,0,0,0
wue,statistics_csv,2019,6,June,14,4,2,4,1,40.15458571428571,0.0056,39.9455,0,usable,4,7,3,0,0,3,1,0,0,0
wue,statistics_csv,2020,1,January,1,0,2,0,0,0.0815,0.0815,0.0815,0,no_usable_records,0,0,1,0,0,0,0,0,0,0
wue,statistics_csv,2020,2,February,1,0,2,0,0,8.6414,8.6414,8.6414,0,no_usable_records,0,1,0,0,0,0,0,0,0,0
wue,statistics_csv,2020,3,March,1,0,2,0,0,11.4929,11.4929,11.4929,0,no_usable_records,0,0,1,0,0,0,0,0,0,0
wue,statistics_csv,2020,4,April,13,0,2,0,0,26.659884615384613,0.2585,22.0924,0,no_usable_records,5,6,2,0,0,0,0,0,0,0
wue,statistics_csv,2020,5,May,1,0,2,0,0,13.9679,13.9679,13.9679,0,no_usable_records,1,0,0,0,0,0,0,0,0,0
wue,statistics_csv,2020,6,June,15,4,2,4,2,40.254326666666664,0.3343,35.3101,0,usable,5,8,2,0,0,2,2,0,0,0
wue,,2021,1,January,0,0,2,0,0,,,,0,missing,0,0,0,0,0,0,0,0,0,0
wue,statistics_csv,2021,2,February,12,0,2,0,0,4.068566666666666,0.0084,1.4763000000000002,0,no_usable_records,3,8,1,0,0,0,0,0,0,0
wue,statistics_csv,2021,3,March,3,0,2,0,0,8.283666666666667,0.10389999999999999,3.933,0,no_usable_records,0,0,3,0,0,0,0,0,0,0
wue,statistics_csv,2021,4,April,15,0,2,0,0,11.284040000000001,0.0028,1.2445,0,no_usable_records,8,6,1,0,0,0,0,0,0,0
wue,statistics_csv,2021,5,May,8,1,2,0,0,26.904349999999997,0.5309999999999999,19.632799999999996,0,low_observation_count,4,0,4,0,0,0,0,1,0,0
wue,statistics_csv,2021,6,June,14,6,2,6,2,57.091292857142854,0.0674,59.201899999999995,0,usable,7,3,4,0,0,4,2,0,0,0
wue,statistics_csv,2022,1,January,1,0,2,0,0,0.0815,0.0815,0.0815,0,no_usable_records,0,0,1,0,0,0,0,0,0,0
wue,statistics_csv,2022,2,February,9,0,2,0,0,5.666066666666667,0.0056,0.4495,0,no_usable_records,2,5,2,0,0,0,0,0,0,0
wue,statistics_csv,2022,3,March,2,0,2,0,0,14.44685,7.599200000000001,14.44685,0,no_usable_records,0,0,2,0,0,0,0,0,0,0
wue,statistics_csv,2022,4,April,21,0,2,0,0,25.70620476190476,0.1292,33.4476,0,no_usable_records,6,12,3,0,0,0,0,0,0,0
wue,statistics_csv,2022,5,May,5,0,2,0,0,29.3106,11.0546,35.4506,0,no_usable_records,1,0,4,0,0,0,0,0,0,0
wue,statistics_csv,2022,6,June,22,10,2,8,3,59.016209090909086,0.0562,64.62665,0,usable,7,9,6,0,0,5,3,2,0,0
wue,,2023,1,January,0,0,2,0,0,,,,0,missing,0,0,0,0,0,0,0,0,0,0
wue,statistics_csv,2023,2,February,13,0,2,0,0,10.460330769230769,0.0056,1.2024,0,no_usable_records,5,7,1,0,0,0,0,0,0,0
wue,statistics_csv,2023,3,March,6,0,2,0,0,19.319100000000002,0.0056,17.393800000000002,0,no_usable_records,1,1,4,0,0,0,0,0,0,0
wue,statistics_csv,2023,4,April,23,0,2,0,0,20.839295652173913,0.12639999999999998,12.861,0,no_usable_records,7,13,3,0,0,0,0,0,0,0
wue,statistics_csv,2023,5,May,3,0,2,0,0,30.07546666666667,9.759500000000001,15.8332,0,no_usable_records,2,0,1,0,0,0,0,0,0,0
wue,statistics_csv,2023,6,June,22,9,2,9,2,52.62925,0.0393,55.007600000000004,0,usable,10,10,2,0,0,7,2,0,0,0
wue,,2024,1,January,0,0,2,0,0,,,,0,missing,0,0,0,0,0,0,0,0,0,0
wue,statistics_csv,2024,2,February,2,0,2,0,0,6.714199999999999,0.22190000000000001,6.714199999999999,0,no_usable_records,0,2,0,0,0,0,0,0,0,0
wue,,2024,3,March,0,0,2,0,0,,,,0,missing,0,0,0,0,0,0,0,0,0,0
wue,,2024,4,April,0,0,2,0,0,,,,0,missing,0,0,0,0,0,0,0,0,0,0
wue,,2024,5,May,0,0,2,0,0,,,,0,missing,0,0,0,0,0,0,0,0,0,0
wue,statistics_csv,2024,6,June,2,0,2,0,0,28.331799999999998,7.076599999999999,28.331799999999998,0,no_usable_records,0,2,0,0,0,0,0,0,0,0
wue,statistics_csv,2025,1,January,1,0,2,0,0,0.8175,0.8175,0.8175,0,no_usable_records,0,0,1,0,0,0,0,0,0,0
wue,statistics_csv,2025,2,February,8,0,2,0,0,1.5001874999999998,0.0028,0.8989999999999999,0,no_usable_records,3,5,0,0,0,0,0,0,0,0
wue,statistics_csv,2025,3,March,1,0,2,0,0,28.5762,28.5762,28.5762,0,no_usable_records,0,1,0,0,0,0,0,0,0,0
wue,statistics_csv,2025,4,April,8,0,2,0,0,35.202325,2.4666,39.253,0,no_usable_records,5,2,1,0,0,0,0,0,0,0
wue,statistics_csv,2025,5,May,3,2,2,2,2,48.270399999999995,0.0112,71.9969,0,usable,0,2,1,0,0,0,2,0,0,0
wue,statistics_csv,2025,6,June,6,4,2,4,1,73.65808333333334,27.3963,85.49275,0,usable,4,2,0,0,0,3,1,0,0,0
