class_map,elevation_bin,class_code,class_name,pixel_count,area_km2,percent_of_class,mean_elevation,median_elevation
daytime,lowest_elevation_quartile,0,unclassified_or_no_data,3,0.0147,2.2556390977443606,1954.5869140625,1943.7674560546875
daytime,low_mid_elevation,0,unclassified_or_no_data,55,0.2695,41.35338345864661,2238.24365234375,2255.771484375
daytime,high_mid_elevation,0,unclassified_or_no_data,56,0.2744,42.10526315789473,2417.600830078125,2388.807861328125
daytime,highest_elevation_quartile,0,unclassified_or_no_data,19,0.0931,14.285714285714285,2704.077392578125,2660.79931640625
daytime,lowest_elevation_quartile,1,stable_core,201,0.9849,54.03225806451613,1827.4073486328125,1824.5712890625
daytime,low_mid_elevation,1,stable_core,142,0.6958,38.17204301075269,2193.96875,2197.69140625
daytime,high_mid_elevation,1,stable_core,29,0.1421,7.795698924731183,2382.79443359375,2365.74755859375
daytime,lowest_elevation_quartile,2,coherent_june_activation,81,0.3969,88.04347826086956,1770.852783203125,1791.6103515625
daytime,low_mid_elevation,2,coherent_june_activation,9,0.0441,9.782608695652174,2193.70751953125,2190.46484375
daytime,highest_elevation_quartile,2,coherent_june_activation,2,0.0098,2.1739130434782608,2826.83203125,2826.83203125
daytime,lowest_elevation_quartile,4,esi_watch_zone_exploratory,343,1.6806999999999999,3.2810407499521714,1911.93798828125,1939.51611328125
daytime,low_mid_elevation,4,esi_watch_zone_exploratory,1339,6.5611,12.808494356227282,2227.954833984375,2246.014404296875
daytime,high_mid_elevation,4,esi_watch_zone_exploratory,3827,18.752299999999998,36.60799693897073,2459.91943359375,2463.95166015625
daytime,highest_elevation_quartile,4,esi_watch_zone_exploratory,4945,24.2305,47.30246795484982,2759.900634765625,2744.714599609375
daytime,lowest_elevation_quartile,5,demand_efficiency_watch_exploratory,5407,26.4943,44.239895270823105,1898.78125,1924.501953125
daytime,low_mid_elevation,5,demand_efficiency_watch_exploratory,4617,22.6233,37.77614138438881,2171.525146484375,2164.314697265625
daytime,high_mid_elevation,5,demand_efficiency_watch_exploratory,1685,8.256499999999999,13.78661430207822,2436.980224609375,2427.669677734375
daytime,highest_elevation_quartile,5,demand_efficiency_watch_exploratory,513,2.5137,4.197349042709867,2723.70068359375,2688.352294921875
daytime,lowest_elevation_quartile,6,efficient_activation_support,547,2.6803,23.031578947368423,1898.5472412109375,1922.354736328125
daytime,low_mid_elevation,6,efficient_activation_support,732,3.5867999999999998,30.82105263157895,2196.63720703125,2202.61279296875
daytime,high_mid_elevation,6,efficient_activation_support,605,2.9644999999999997,25.473684210526315,2436.031494140625,2428.307373046875
daytime,highest_elevation_quartile,6,efficient_activation_support,491,2.4059,20.673684210526318,2746.5673828125,2729.654052734375
daytime,lowest_elevation_quartile,7,product_disagreement_zone,2189,10.726099999999999,25.1522463518327,1863.428466796875,1876.1572265625
daytime,low_mid_elevation,7,product_disagreement_zone,1754,8.5946,20.153969895438355,2201.71337890625,2208.17431640625
daytime,high_mid_elevation,7,product_disagreement_zone,2385,11.686499999999999,27.404343329886245,2444.7900390625,2439.552734375
daytime,highest_elevation_quartile,7,product_disagreement_zone,2375,11.6375,27.2894404228427,2745.032470703125,2731.76953125
daytime,lowest_elevation_quartile,8,high_variability_zone,6,0.0294,0.7936507936507936,1931.38671875,1967.78515625
daytime,low_mid_elevation,8,high_variability_zone,129,0.6321,17.063492063492063,2226.956298828125,2242.9033203125
daytime,high_mid_elevation,8,high_variability_zone,189,0.9260999999999999,25.0,2446.622314453125,2443.519287109375
daytime,highest_elevation_quartile,8,high_variability_zone,432,2.1168,57.14285714285714,2766.133056640625,2741.3271484375
midday_afternoon,lowest_elevation_quartile,0,unclassified_or_no_data,194,0.9506,31.04,1939.7406005859375,1953.416015625
midday_afternoon,low_mid_elevation,0,unclassified_or_no_data,236,1.1563999999999999,37.76,2180.983642578125,2185.963134765625
midday_afternoon,high_mid_elevation,0,unclassified_or_no_data,129,0.6321,20.64,2442.064453125,2434.19140625
midday_afternoon,highest_elevation_quartile,0,unclassified_or_no_data,66,0.32339999999999997,10.56,2711.52392578125,2695.916748046875
midday_afternoon,lowest_elevation_quartile,1,stable_core,789,3.8661,58.531157270029674,1863.5946044921875,1886.9105224609375
midday_afternoon,low_mid_elevation,1,stable_core,492,2.4108,36.49851632047478,2155.27734375,2144.601806640625
midday_afternoon,high_mid_elevation,1,stable_core,67,0.3283,4.9703264094955495,2397.40869140625,2398.006103515625
midday_afternoon,lowest_elevation_quartile,2,coherent_june_activation,143,0.7007,78.14207650273224,1824.152587890625,1811.3587646484375
midday_afternoon,low_mid_elevation,2,coherent_june_activation,21,0.10289999999999999,11.475409836065573,2179.651123046875,2163.016357421875
midday_afternoon,high_mid_elevation,2,coherent_june_activation,17,0.0833,9.289617486338798,2431.492919921875,2402.510009765625
midday_afternoon,highest_elevation_quartile,2,coherent_june_activation,2,0.0098,1.092896174863388,2590.326171875,2590.326171875
midday_afternoon,lowest_elevation_quartile,3,strong_june_activation,24,0.1176,100.0,1886.9522705078125,1898.9638671875
midday_afternoon,lowest_elevation_quartile,4,esi_watch_zone_exploratory,70,0.34299999999999997,3.2124827902707667,1915.5355224609375,1929.47607421875
midday_afternoon,low_mid_elevation,4,esi_watch_zone_exploratory,156,0.7644,7.159247361174851,2221.31640625,2238.881591796875
midday_afternoon,high_mid_elevation,4,esi_watch_zone_exploratory,625,3.0625,28.682882055988983,2480.595703125,2491.914794921875
midday_afternoon,highest_elevation_quartile,4,esi_watch_zone_exploratory,1328,6.5072,60.9453877925654,2744.223876953125,2729.21630859375
midday_afternoon,lowest_elevation_quartile,5,demand_efficiency_watch_exploratory,3317,16.2533,32.37360921335155,1916.544677734375,1944.9072265625
midday_afternoon,low_mid_elevation,5,demand_efficiency_watch_exploratory,3547,17.3803,34.61838766347843,2179.825927734375,2175.18994140625
midday_afternoon,high_mid_elevation,5,demand_efficiency_watch_exploratory,2147,10.520299999999999,20.95451883661917,2446.31884765625,2444.743896484375
midday_afternoon,highest_elevation_quartile,5,demand_efficiency_watch_exploratory,1235,6.0515,12.053484286550848,2733.9130859375,2710.239990234375
midday_afternoon,lowest_elevation_quartile,6,efficient_activation_support,9,0.0441,0.9503695881731784,1717.17138671875,1642.558349609375
midday_afternoon,low_mid_elevation,6,efficient_activation_support,7,0.0343,0.7391763463569165,2254.27001953125,2295.4541015625
midday_afternoon,high_mid_elevation,6,efficient_activation_support,92,0.4508,9.714889123548048,2514.009521484375,2545.43994140625
midday_afternoon,highest_elevation_quartile,6,efficient_activation_support,839,4.1110999999999995,88.59556494192185,2789.340576171875,2785.083740234375
midday_afternoon,lowest_elevation_quartile,7,product_disagreement_zone,4003,19.6147,22.696603730793218,1868.5777587890625,1881.202880859375
midday_afternoon,low_mid_elevation,7,product_disagreement_zone,3977,19.487299999999998,22.549186369563984,2201.10693359375,2207.886474609375
midday_afternoon,high_mid_elevation,7,product_disagreement_zone,5147,25.220299999999998,29.182967624879513,2443.250732421875,2438.191650390625
midday_afternoon,highest_elevation_quartile,7,product_disagreement_zone,4510,22.099,25.571242274763286,2754.32470703125,2737.9365234375
midday_afternoon,lowest_elevation_quartile,8,high_variability_zone,228,1.1172,11.887382690302397,1880.6641845703125,1906.61376953125
midday_afternoon,low_mid_elevation,8,high_variability_zone,341,1.6709,17.778936392075078,2204.527099609375,2214.9541015625
midday_afternoon,high_mid_elevation,8,high_variability_zone,552,2.7048,28.779979144942647,2473.98095703125,2488.66748046875
midday_afternoon,highest_elevation_quartile,8,high_variability_zone,797,3.9053,41.55370177267987,2757.67919921875,2739.1298828125
daytime_evening,lowest_elevation_quartile,0,unclassified_or_no_data,3,0.0147,2.631578947368421,1954.5869140625,1943.7674560546875
daytime_evening,low_mid_elevation,0,unclassified_or_no_data,44,0.21559999999999999,38.59649122807017,2235.873291015625,2252.24609375
daytime_evening,high_mid_elevation,0,unclassified_or_no_data,50,0.245,43.859649122807014,2415.406494140625,2394.697265625
daytime_evening,highest_elevation_quartile,0,unclassified_or_no_data,17,0.0833,14.912280701754385,2748.07275390625,2755.97705078125
daytime_evening,lowest_elevation_quartile,1,stable_core,216,1.0584,57.75401069518716,1838.4571533203125,1835.258544921875
daytime_evening,low_mid_elevation,1,stable_core,134,0.6566,35.82887700534759,2188.022216796875,2193.97998046875
daytime_evening,high_mid_elevation,1,stable_core,24,0.1176,6.417112299465241,2398.061279296875,2394.541015625
daytime_evening,lowest_elevation_quartile,2,coherent_june_activation,82,0.4018,85.41666666666666,1770.0010986328125,1792.1240234375
daytime_evening,low_mid_elevation,2,coherent_june_activation,11,0.053899999999999997,11.458333333333332,2177.13525390625,2178.366943359375
daytime_evening,highest_elevation_quartile,2,coherent_june_activation,3,0.0147,3.125,2827.51953125,2828.894287109375
daytime_evening,lowest_elevation_quartile,4,esi_watch_zone_exploratory,347,1.7003,3.143685450262729,1919.7821044921875,1943.7161865234375
daytime_evening,low_mid_elevation,4,esi_watch_zone_exploratory,1405,6.8845,12.728755209277043,2228.474853515625,2246.3544921875
daytime_evening,high_mid_elevation,4,esi_watch_zone_exploratory,4002,19.6098,36.25656821888023,2459.816162109375,2463.70703125
daytime_evening,highest_elevation_quartile,4,esi_watch_zone_exploratory,5284,25.8916,47.87099112158,2759.96240234375,2745.05517578125
daytime_evening,lowest_elevation_quartile,5,demand_efficiency_watch_exploratory,5176,25.3624,43.054400266178675,1900.8485107421875,1926.0595703125
daytime_evening,low_mid_elevation,5,demand_efficiency_watch_exploratory,4587,22.4763,38.155049076692734,2172.466064453125,2165.810791015625
daytime_evening,high_mid_elevation,5,demand_efficiency_watch_exploratory,1707,8.3643,14.198968557644317,2437.847412109375,2428.5400390625
daytime_evening,highest_elevation_quartile,5,demand_efficiency_watch_exploratory,552,2.7048,4.591582099484278,2731.363037109375,2699.67236328125
daytime_evening,lowest_elevation_quartile,6,efficient_activation_support,492,2.4108,21.428571428571427,1899.308349609375,1922.566162109375
daytime_evening,low_mid_elevation,6,efficient_activation_support,696,3.4104,30.313588850174217,2197.0634765625,2203.837890625
daytime_evening,high_mid_elevation,6,efficient_activation_support,596,2.9204,25.958188153310104,2435.997802734375,2425.854248046875
daytime_evening,highest_elevation_quartile,6,efficient_activation_support,512,2.5088,22.299651567944252,2745.70556640625,2724.65966796875
daytime_evening,lowest_elevation_quartile,7,product_disagreement_zone,2455,12.029499999999999,28.553151895789718,1861.1575927734375,1873.4716796875
daytime_evening,low_mid_elevation,7,product_disagreement_zone,1787,8.7563,20.78390323331007,2198.300048828125,2203.5498046875
daytime_evening,high_mid_elevation,7,product_disagreement_zone,2268,11.113199999999999,26.378227494766225,2443.32666015625,2438.620361328125
daytime_evening,highest_elevation_quartile,7,product_disagreement_zone,2088,10.2312,24.284717376133987,2741.88671875,2730.273681640625
daytime_evening,lowest_elevation_quartile,8,high_variability_zone,6,0.0294,1.054481546572935,1931.38671875,1967.78515625
daytime_evening,low_mid_elevation,8,high_variability_zone,113,0.5537,19.85940246045694,2225.000732421875,2242.536865234375
daytime_evening,high_mid_elevation,8,high_variability_zone,129,0.6321,22.671353251318102,2439.622802734375,2437.397216796875
daytime_evening,highest_elevation_quartile,8,high_variability_zone,321,1.5729,56.41476274165203,2765.017822265625,2740.2861328125
all_available_timebin,lowest_elevation_quartile,0,unclassified_or_no_data,2,0.0098,2.1052631578947367,1909.6837158203125,1909.6837158203125
all_available_timebin,low_mid_elevation,0,unclassified_or_no_data,40,0.196,42.10526315789473,2232.869140625,2252.24609375
all_available_timebin,high_mid_elevation,0,unclassified_or_no_data,40,0.196,42.10526315789473,2405.467529296875,2367.9990234375
all_available_timebin,highest_elevation_quartile,0,unclassified_or_no_data,13,0.06369999999999999,13.684210526315791,2738.51611328125,2755.97705078125
all_available_timebin,lowest_elevation_quartile,1,stable_core,248,1.2152,59.90338164251207,1849.8699951171875,1855.548828125
all_available_timebin,low_mid_elevation,1,stable_core,144,0.7056,34.78260869565217,2184.546630859375,2191.476318359375
all_available_timebin,high_mid_elevation,1,stable_core,22,0.10779999999999999,5.314009661835748,2400.15771484375,2380.77685546875
all_available_timebin,lowest_elevation_quartile,2,coherent_june_activation,77,0.37729999999999997,86.51685393258427,1763.7659912109375,1783.8304443359375
all_available_timebin,low_mid_elevation,2,coherent_june_activation,9,0.0441,10.112359550561797,2180.89404296875,2178.366943359375
all_available_timebin,highest_elevation_quartile,2,coherent_june_activation,3,0.0147,3.3707865168539324,2827.51953125,2828.894287109375
all_available_timebin,lowest_elevation_quartile,4,esi_watch_zone_exploratory,346,1.6954,3.075555555555556,1917.4080810546875,1941.620849609375
all_available_timebin,low_mid_elevation,4,esi_watch_zone_exploratory,1410,6.909,12.533333333333333,2228.41162109375,2246.3544921875
all_available_timebin,high_mid_elevation,4,esi_watch_zone_exploratory,4055,19.8695,36.044444444444444,2459.6982421875,2463.502197265625
all_available_timebin,highest_elevation_quartile,4,esi_watch_zone_exploratory,5439,26.6511,48.346666666666664,2760.455322265625,2745.6591796875
all_available_timebin,lowest_elevation_quartile,5,demand_efficiency_watch_exploratory,4872,23.872799999999998,41.69091220263563,1901.4635009765625,1925.5211181640625
all_available_timebin,low_mid_elevation,5,demand_efficiency_watch_exploratory,4507,22.0843,38.56751668663358,2173.470458984375,2167.23583984375
all_available_timebin,high_mid_elevation,5,demand_efficiency_watch_exploratory,1733,8.4917,14.82971076501797,2437.984130859375,2428.970947265625
all_available_timebin,highest_elevation_quartile,5,demand_efficiency_watch_exploratory,574,2.8125999999999998,4.911860345712818,2733.601806640625,2700.282958984375
all_available_timebin,lowest_elevation_quartile,6,efficient_activation_support,480,2.352,20.71644367716875,1896.1595458984375,1921.48779296875
all_available_timebin,low_mid_elevation,6,efficient_activation_support,682,3.3418,29.43461372464394,2198.7001953125,2207.73681640625
all_available_timebin,high_mid_elevation,6,efficient_activation_support,609,2.9840999999999998,26.283987915407852,2437.0302734375,2428.307373046875
all_available_timebin,highest_elevation_quartile,6,efficient_activation_support,546,2.6754,23.564954682779458,2744.5341796875,2723.576171875
all_available_timebin,lowest_elevation_quartile,7,product_disagreement_zone,2747,13.4603,30.81323611890073,1864.8292236328125,1882.475341796875
all_available_timebin,low_mid_elevation,7,product_disagreement_zone,1899,9.3051,21.301177790241166,2195.091064453125,2198.855712890625
all_available_timebin,high_mid_elevation,7,product_disagreement_zone,2232,10.9368,25.036455412226584,2443.105712890625,2438.7353515625
all_available_timebin,highest_elevation_quartile,7,product_disagreement_zone,2037,9.9813,22.84913067863152,2740.478759765625,2727.64404296875
all_available_timebin,lowest_elevation_quartile,8,high_variability_zone,5,0.0245,1.466275659824047,1932.524658203125,2009.8740234375
all_available_timebin,low_mid_elevation,8,high_variability_zone,86,0.4214,25.219941348973606,2222.951904296875,2241.948486328125
all_available_timebin,high_mid_elevation,8,high_variability_zone,85,0.4165,24.926686217008797,2431.2509765625,2422.5556640625
all_available_timebin,highest_elevation_quartile,8,high_variability_zone,165,0.8085,48.38709677419355,2768.650390625,2742.05859375
phase1_all_scene,lowest_elevation_quartile,0,unclassified_or_no_data,2,0.0098,100.0,1909.6837158203125,1909.6837158203125
phase1_all_scene,lowest_elevation_quartile,1,stable_core,187,0.9163,48.69791666666667,1861.889892578125,1867.6005859375
phase1_all_scene,low_mid_elevation,1,stable_core,167,0.8183,43.48958333333333,2178.7294921875,2181.4658203125
phase1_all_scene,high_mid_elevation,1,stable_core,30,0.147,7.8125,2397.81005859375,2374.29736328125
phase1_all_scene,lowest_elevation_quartile,2,coherent_june_activation,82,0.4018,86.31578947368422,1753.3052978515625,1759.778564453125
phase1_all_scene,low_mid_elevation,2,coherent_june_activation,11,0.053899999999999997,11.578947368421053,2152.140380859375,2128.409912109375
phase1_all_scene,high_mid_elevation,2,coherent_june_activation,1,0.0049,1.0526315789473684,2334.94482421875,2334.94482421875
phase1_all_scene,highest_elevation_quartile,2,coherent_june_activation,1,0.0049,1.0526315789473684,2814.7158203125,2814.7158203125
phase1_all_scene,lowest_elevation_quartile,4,esi_watch_zone_exploratory,608,2.9792,4.6751249519415605,1937.727783203125,1967.93115234375
phase1_all_scene,low_mid_elevation,4,esi_watch_zone_exploratory,2093,10.2557,16.09381007304883,2221.814697265625,2238.142578125
phase1_all_scene,high_mid_elevation,4,esi_watch_zone_exploratory,4926,24.1374,37.877739331026525,2454.495361328125,2455.28466796875
phase1_all_scene,highest_elevation_quartile,4,esi_watch_zone_exploratory,5378,26.3522,41.353325643983084,2754.3681640625,2738.265625
phase1_all_scene,lowest_elevation_quartile,5,demand_efficiency_watch_exploratory,3861,18.9189,38.23529411764706,1896.246337890625,1918.203369140625
phase1_all_scene,low_mid_elevation,5,demand_efficiency_watch_exploratory,3664,17.953599999999998,36.284412755000986,2177.498291015625,2172.659912109375
phase1_all_scene,high_mid_elevation,5,demand_efficiency_watch_exploratory,1652,8.0948,16.359675183204594,2441.225341796875,2435.15283203125
phase1_all_scene,highest_elevation_quartile,5,demand_efficiency_watch_exploratory,921,4.5129,9.120617944147357,2745.239501953125,2723.437255859375
phase1_all_scene,lowest_elevation_quartile,6,efficient_activation_support,1185,5.8065,37.20565149136578,1912.132080078125,1935.49609375
phase1_all_scene,low_mid_elevation,6,efficient_activation_support,1122,5.4978,35.2276295133438,2171.9208984375,2162.2236328125
phase1_all_scene,high_mid_elevation,6,efficient_activation_support,430,2.1069999999999998,13.500784929356357,2440.410400390625,2435.40625
phase1_all_scene,highest_elevation_quartile,6,efficient_activation_support,448,2.1952,14.065934065934066,2754.63671875,2738.12255859375
phase1_all_scene,lowest_elevation_quartile,7,product_disagreement_zone,1324,6.4876,67.3791348600509,1839.27001953125,1837.3260498046875
phase1_all_scene,low_mid_elevation,7,product_disagreement_zone,159,0.7791,8.091603053435115,2116.8974609375,2106.220458984375
phase1_all_scene,high_mid_elevation,7,product_disagreement_zone,78,0.3822,3.969465648854962,2493.002197265625,2494.630126953125
phase1_all_scene,highest_elevation_quartile,7,product_disagreement_zone,404,1.9796,20.559796437659035,2741.19921875,2732.102783203125
phase1_all_scene,highest_elevation_quartile,8,high_variability_zone,38,0.1862,100.0,2733.489013671875,2742.38671875
phase1_all_scene,lowest_elevation_quartile,9,seasonal_activation_zone,1451,7.1099,24.28045515394913,1886.8531494140625,1915.2362060546875
phase1_all_scene,low_mid_elevation,9,seasonal_activation_zone,1496,7.3304,25.0334672021419,2198.44677734375,2202.28564453125
phase1_all_scene,high_mid_elevation,9,seasonal_activation_zone,1617,7.923299999999999,27.058232931726906,2441.235107421875,2436.0908203125
phase1_all_scene,highest_elevation_quartile,9,seasonal_activation_zone,1412,6.9188,23.62784471218206,2742.982177734375,2729.13720703125
