class_map,axis,bin,class_code,class_name,pixel_count,area_km2,percent_of_class
daytime,north_south,middle_north,0,unclassified_or_no_data,33,0.16169999999999998,24.444444444444443
daytime,north_south,middle_south,0,unclassified_or_no_data,57,0.2793,42.22222222222222
daytime,north_south,north,0,unclassified_or_no_data,13,0.06369999999999999,9.62962962962963
daytime,north_south,south,0,unclassified_or_no_data,32,0.1568,23.703703703703706
daytime,north_south,middle_north,1,stable_core,78,0.3822,20.855614973262032
daytime,north_south,middle_south,1,stable_core,217,1.0633,58.02139037433155
daytime,north_south,north,1,stable_core,67,0.3283,17.914438502673796
daytime,north_south,south,1,stable_core,12,0.0588,3.2085561497326207
daytime,north_south,middle_north,2,coherent_june_activation,72,0.3528,75.0
daytime,north_south,middle_south,2,coherent_june_activation,17,0.0833,17.708333333333336
daytime,north_south,north,2,coherent_june_activation,4,0.0196,4.166666666666666
daytime,north_south,south,2,coherent_june_activation,3,0.0147,3.125
daytime,north_south,middle_north,4,esi_watch_zone_exploratory,3087,15.126299999999999,28.996806312229946
daytime,north_south,middle_south,4,esi_watch_zone_exploratory,3846,18.845399999999998,36.12624459891039
daytime,north_south,north,4,esi_watch_zone_exploratory,895,4.3854999999999995,8.406913394702235
daytime,north_south,south,4,esi_watch_zone_exploratory,2818,13.8082,26.470035694157428
daytime,north_south,middle_north,5,demand_efficiency_watch_exploratory,2243,10.9907,18.109155498143064
daytime,north_south,middle_south,5,demand_efficiency_watch_exploratory,7987,39.1363,64.48409494590666
daytime,north_south,north,5,demand_efficiency_watch_exploratory,651,3.1898999999999997,5.255934119166801
daytime,north_south,south,5,demand_efficiency_watch_exploratory,1505,7.374499999999999,12.150815436783466
daytime,north_south,middle_north,6,efficient_activation_support,639,3.1311,26.134969325153374
daytime,north_south,middle_south,6,efficient_activation_support,1121,5.4929,45.848670756646214
daytime,north_south,north,6,efficient_activation_support,345,1.6905,14.11042944785276
daytime,north_south,south,6,efficient_activation_support,340,1.666,13.905930470347649
daytime,north_south,middle_north,7,product_disagreement_zone,2426,11.8874,27.51502778722922
daytime,north_south,middle_south,7,product_disagreement_zone,4220,20.678,47.86208460927753
daytime,north_south,north,7,product_disagreement_zone,840,4.116,9.52705001701259
daytime,north_south,south,7,product_disagreement_zone,1331,6.5219,15.095837586480663
daytime,north_south,middle_north,8,high_variability_zone,192,0.9408,25.06527415143603
daytime,north_south,middle_south,8,high_variability_zone,253,1.2397,33.02872062663185
daytime,north_south,north,8,high_variability_zone,67,0.3283,8.7467362924282
daytime,north_south,south,8,high_variability_zone,254,1.2446,33.15926892950392
daytime,west_east,east,0,unclassified_or_no_data,23,0.1127,17.037037037037038
daytime,west_east,middle_east,0,unclassified_or_no_data,30,0.147,22.22222222222222
daytime,west_east,middle_west,0,unclassified_or_no_data,68,0.3332,50.37037037037037
daytime,west_east,west,0,unclassified_or_no_data,14,0.0686,10.37037037037037
daytime,west_east,east,1,stable_core,96,0.4704,25.668449197860966
daytime,west_east,middle_east,1,stable_core,48,0.2352,12.834224598930483
daytime,west_east,middle_west,1,stable_core,200,0.98,53.475935828877006
daytime,west_east,west,1,stable_core,30,0.147,8.02139037433155
daytime,west_east,east,2,coherent_june_activation,10,0.049,10.416666666666668
daytime,west_east,middle_east,2,coherent_june_activation,12,0.0588,12.5
daytime,west_east,middle_west,2,coherent_june_activation,72,0.3528,75.0
daytime,west_east,west,2,coherent_june_activation,2,0.0098,2.083333333333333
daytime,west_east,east,4,esi_watch_zone_exploratory,2878,14.1022,27.033627653578808
daytime,west_east,middle_east,4,esi_watch_zone_exploratory,1828,8.9572,17.170768363704678
daytime,west_east,middle_west,4,esi_watch_zone_exploratory,2629,12.8821,24.694721021980087
daytime,west_east,west,4,esi_watch_zone_exploratory,3311,16.2239,31.100882960736424
daytime,west_east,east,5,demand_efficiency_watch_exploratory,2306,11.2994,18.617794283868886
daytime,west_east,middle_east,5,demand_efficiency_watch_exploratory,4067,19.9283,32.835459389633456
daytime,west_east,middle_west,5,demand_efficiency_watch_exploratory,3112,15.2488,25.12514128855159
daytime,west_east,west,5,demand_efficiency_watch_exploratory,2901,14.2149,23.42160503794607
daytime,west_east,east,6,efficient_activation_support,621,3.0429,25.398773006134967
daytime,west_east,middle_east,6,efficient_activation_support,554,2.7146,22.65848670756646
daytime,west_east,middle_west,6,efficient_activation_support,618,3.0282,25.2760736196319
daytime,west_east,west,6,efficient_activation_support,652,3.1948,26.666666666666668
daytime,west_east,east,7,product_disagreement_zone,2350,11.514999999999999,26.65305659521379
daytime,west_east,middle_east,7,product_disagreement_zone,1584,7.7616,17.96529431779517
daytime,west_east,middle_west,7,product_disagreement_zone,3026,14.827399999999999,34.32006351366678
daytime,west_east,west,7,product_disagreement_zone,1857,9.0993,21.06158557332426
daytime,west_east,east,8,high_variability_zone,141,0.6909,18.407310704960835
daytime,west_east,middle_east,8,high_variability_zone,137,0.6713,17.885117493472585
daytime,west_east,middle_west,8,high_variability_zone,272,1.3328,35.50913838120104
daytime,west_east,west,8,high_variability_zone,216,1.0584,28.198433420365536
midday_afternoon,north_south,middle_north,0,unclassified_or_no_data,97,0.4753,15.156249999999998
midday_afternoon,north_south,middle_south,0,unclassified_or_no_data,428,2.0972,66.875
midday_afternoon,north_south,north,0,unclassified_or_no_data,33,0.16169999999999998,5.15625
midday_afternoon,north_south,south,0,unclassified_or_no_data,82,0.4018,12.812499999999998
midday_afternoon,north_south,middle_north,1,stable_core,259,1.2691,18.905109489051096
midday_afternoon,north_south,middle_south,1,stable_core,765,3.7485,55.839416058394164
midday_afternoon,north_south,north,1,stable_core,176,0.8623999999999999,12.846715328467154
midday_afternoon,north_south,south,1,stable_core,170,0.833,12.408759124087592
midday_afternoon,north_south,middle_north,2,coherent_june_activation,27,0.1323,14.43850267379679
midday_afternoon,north_south,middle_south,2,coherent_june_activation,95,0.46549999999999997,50.80213903743316
midday_afternoon,north_south,north,2,coherent_june_activation,7,0.0343,3.7433155080213902
midday_afternoon,north_south,south,2,coherent_june_activation,58,0.2842,31.016042780748666
midday_afternoon,north_south,middle_south,3,strong_june_activation,6,0.0294,25.0
midday_afternoon,north_south,south,3,strong_june_activation,18,0.0882,75.0
midday_afternoon,north_south,middle_north,4,esi_watch_zone_exploratory,611,2.9939,27.460674157303373
midday_afternoon,north_south,middle_south,4,esi_watch_zone_exploratory,618,3.0282,27.775280898876403
midday_afternoon,north_south,north,4,esi_watch_zone_exploratory,188,0.9212,8.44943820224719
midday_afternoon,north_south,south,4,esi_watch_zone_exploratory,808,3.9592,36.31460674157304
midday_afternoon,north_south,middle_north,5,demand_efficiency_watch_exploratory,1837,9.0013,17.748792270531403
midday_afternoon,north_south,middle_south,5,demand_efficiency_watch_exploratory,5685,27.8565,54.927536231884055
midday_afternoon,north_south,north,5,demand_efficiency_watch_exploratory,721,3.5328999999999997,6.966183574879227
midday_afternoon,north_south,south,5,demand_efficiency_watch_exploratory,2107,10.3243,20.357487922705314
midday_afternoon,north_south,middle_north,6,efficient_activation_support,372,1.8228,38.07574206755373
midday_afternoon,north_south,middle_south,6,efficient_activation_support,302,1.4798,30.91095189355169
midday_afternoon,north_south,north,6,efficient_activation_support,77,0.37729999999999997,7.881269191402252
midday_afternoon,north_south,south,6,efficient_activation_support,226,1.1074,23.132036847492323
midday_afternoon,north_south,middle_north,7,product_disagreement_zone,5016,24.5784,27.969220475075275
midday_afternoon,north_south,middle_south,7,product_disagreement_zone,8972,43.9628,50.0278800044608
midday_afternoon,north_south,north,7,product_disagreement_zone,1432,7.0168,7.984833277573325
midday_afternoon,north_south,south,7,product_disagreement_zone,2514,12.3186,14.018066242890598
midday_afternoon,north_south,middle_north,8,high_variability_zone,551,2.6999,28.140960163432073
midday_afternoon,north_south,middle_south,8,high_variability_zone,847,4.1503,43.258426966292134
midday_afternoon,north_south,north,8,high_variability_zone,248,1.2152,12.665985699693566
midday_afternoon,north_south,south,8,high_variability_zone,312,1.5288,15.934627170582228
midday_afternoon,west_east,east,0,unclassified_or_no_data,117,0.5733,18.28125
midday_afternoon,west_east,middle_east,0,unclassified_or_no_data,61,0.2989,9.53125
midday_afternoon,west_east,middle_west,0,unclassified_or_no_data,319,1.5631,49.84375
midday_afternoon,west_east,west,0,unclassified_or_no_data,143,0.7007,22.34375
midday_afternoon,west_east,east,1,stable_core,309,1.5141,22.554744525547445
midday_afternoon,west_east,middle_east,1,stable_core,364,1.7835999999999999,26.56934306569343
midday_afternoon,west_east,middle_west,1,stable_core,403,1.9747,29.416058394160583
midday_afternoon,west_east,west,1,stable_core,294,1.4405999999999999,21.45985401459854
midday_afternoon,west_east,east,2,coherent_june_activation,9,0.0441,4.81283422459893
midday_afternoon,west_east,middle_east,2,coherent_june_activation,30,0.147,16.0427807486631
midday_afternoon,west_east,middle_west,2,coherent_june_activation,88,0.43119999999999997,47.05882352941176
midday_afternoon,west_east,west,2,coherent_june_activation,60,0.294,32.0855614973262
midday_afternoon,west_east,middle_east,3,strong_june_activation,3,0.0147,12.5
midday_afternoon,west_east,middle_west,3,strong_june_activation,3,0.0147,12.5
midday_afternoon,west_east,west,3,strong_june_activation,18,0.0882,75.0
midday_afternoon,west_east,east,4,esi_watch_zone_exploratory,628,3.0772,28.224719101123597
midday_afternoon,west_east,middle_east,4,esi_watch_zone_exploratory,190,0.9309999999999999,8.539325842696629
midday_afternoon,west_east,middle_west,4,esi_watch_zone_exploratory,588,2.8811999999999998,26.42696629213483
midday_afternoon,west_east,west,4,esi_watch_zone_exploratory,819,4.0131,36.80898876404494
midday_afternoon,west_east,east,5,demand_efficiency_watch_exploratory,1856,9.0944,17.932367149758456
midday_afternoon,west_east,middle_east,5,demand_efficiency_watch_exploratory,3309,16.2141,31.971014492753625
midday_afternoon,west_east,middle_west,5,demand_efficiency_watch_exploratory,2088,10.2312,20.17391304347826
midday_afternoon,west_east,west,5,demand_efficiency_watch_exploratory,3097,15.1753,29.92270531400966
midday_afternoon,west_east,east,6,efficient_activation_support,544,2.6656,55.68065506653019
midday_afternoon,west_east,middle_east,6,efficient_activation_support,15,0.0735,1.5353121801432956
midday_afternoon,west_east,middle_west,6,efficient_activation_support,168,0.8231999999999999,17.195496417604915
midday_afternoon,west_east,west,6,efficient_activation_support,250,1.2249999999999999,25.588536335721596
midday_afternoon,west_east,east,7,product_disagreement_zone,4505,22.0745,25.119884019181445
midday_afternoon,west_east,middle_east,7,product_disagreement_zone,3866,18.9434,21.556819449091112
midday_afternoon,west_east,middle_west,7,product_disagreement_zone,5610,27.489,31.2813650050184
midday_afternoon,west_east,west,7,product_disagreement_zone,3953,19.369699999999998,22.041931526709043
midday_afternoon,west_east,east,8,high_variability_zone,457,2.2393,23.34014300306435
midday_afternoon,west_east,middle_east,8,high_variability_zone,422,2.0678,21.552604698672116
midday_afternoon,west_east,middle_west,8,high_variability_zone,730,3.577,37.2829417773238
midday_afternoon,west_east,west,8,high_variability_zone,349,1.7101,17.824310520939733
daytime_evening,north_south,middle_north,0,unclassified_or_no_data,29,0.1421,25.0
daytime_evening,north_south,middle_south,0,unclassified_or_no_data,56,0.2744,48.275862068965516
daytime_evening,north_south,north,0,unclassified_or_no_data,12,0.0588,10.344827586206897
daytime_evening,north_south,south,0,unclassified_or_no_data,19,0.0931,16.379310344827587
daytime_evening,north_south,middle_north,1,stable_core,79,0.3871,20.954907161803714
daytime_evening,north_south,middle_south,1,stable_core,217,1.0633,57.55968169761273
daytime_evening,north_south,north,1,stable_core,68,0.3332,18.037135278514587
daytime_evening,north_south,south,1,stable_core,13,0.06369999999999999,3.4482758620689653
daytime_evening,north_south,middle_north,2,coherent_june_activation,67,0.3283,67.67676767676768
daytime_evening,north_south,middle_south,2,coherent_june_activation,21,0.10289999999999999,21.21212121212121
daytime_evening,north_south,north,2,coherent_june_activation,7,0.0343,7.07070707070707
daytime_evening,north_south,south,2,coherent_june_activation,4,0.0196,4.040404040404041
daytime_evening,north_south,middle_north,4,esi_watch_zone_exploratory,3175,15.5575,28.249844292196812
daytime_evening,north_south,middle_south,4,esi_watch_zone_exploratory,4092,20.0508,36.40893317910846
daytime_evening,north_south,north,4,esi_watch_zone_exploratory,914,4.4786,8.132396120651302
daytime_evening,north_south,south,4,esi_watch_zone_exploratory,3058,14.9842,27.208826408043418
daytime_evening,north_south,middle_north,5,demand_efficiency_watch_exploratory,2190,10.731,17.986202365308802
daytime_evening,north_south,middle_south,5,demand_efficiency_watch_exploratory,7850,38.464999999999996,64.47109067017082
daytime_evening,north_south,north,5,demand_efficiency_watch_exploratory,632,3.0968,5.19053876478318
daytime_evening,north_south,south,5,demand_efficiency_watch_exploratory,1504,7.3696,12.352168199737187
daytime_evening,north_south,middle_north,6,efficient_activation_support,618,3.0282,26.120033812341504
daytime_evening,north_south,middle_south,6,efficient_activation_support,1058,5.1842,44.71682163989856
daytime_evening,north_south,north,6,efficient_activation_support,324,1.5876,13.693998309382923
daytime_evening,north_south,south,6,efficient_activation_support,366,1.7933999999999999,15.469146238377007
daytime_evening,north_south,middle_north,7,product_disagreement_zone,2431,11.9119,27.897635988065183
daytime_evening,north_south,middle_south,7,product_disagreement_zone,4272,20.9328,49.02455818223548
daytime_evening,north_south,north,7,product_disagreement_zone,855,4.1895,9.811797108101905
daytime_evening,north_south,south,7,product_disagreement_zone,1156,5.6644,13.26600872159743
daytime_evening,north_south,middle_north,8,high_variability_zone,181,0.8869,31.314878892733567
daytime_evening,north_south,middle_south,8,high_variability_zone,152,0.7448,26.297577854671278
daytime_evening,north_south,north,8,high_variability_zone,70,0.34299999999999997,12.110726643598616
daytime_evening,north_south,south,8,high_variability_zone,175,0.8574999999999999,30.276816608996537
daytime_evening,west_east,east,0,unclassified_or_no_data,22,0.10779999999999999,18.96551724137931
daytime_evening,west_east,middle_east,0,unclassified_or_no_data,26,0.12739999999999999,22.413793103448278
daytime_evening,west_east,middle_west,0,unclassified_or_no_data,54,0.2646,46.55172413793103
daytime_evening,west_east,west,0,unclassified_or_no_data,14,0.0686,12.068965517241379
daytime_evening,west_east,east,1,stable_core,100,0.49,26.525198938992045
daytime_evening,west_east,middle_east,1,stable_core,51,0.24989999999999998,13.527851458885943
daytime_evening,west_east,middle_west,1,stable_core,191,0.9359,50.663129973474796
daytime_evening,west_east,west,1,stable_core,35,0.17149999999999999,9.283819628647215
daytime_evening,west_east,east,2,coherent_june_activation,13,0.06369999999999999,13.131313131313133
daytime_evening,west_east,middle_east,2,coherent_june_activation,15,0.0735,15.151515151515152
daytime_evening,west_east,middle_west,2,coherent_june_activation,68,0.3332,68.68686868686868
daytime_evening,west_east,west,2,coherent_june_activation,3,0.0147,3.0303030303030303
daytime_evening,west_east,east,4,esi_watch_zone_exploratory,2929,14.3521,26.061037458848652
daytime_evening,west_east,middle_east,4,esi_watch_zone_exploratory,1934,9.4766,17.207936649168076
daytime_evening,west_east,middle_west,4,esi_watch_zone_exploratory,2849,13.960099999999999,25.34923035857283
daytime_evening,west_east,west,4,esi_watch_zone_exploratory,3527,17.2823,31.381795533410443
daytime_evening,west_east,east,5,demand_efficiency_watch_exploratory,2270,11.123,18.643232588699078
daytime_evening,west_east,middle_east,5,demand_efficiency_watch_exploratory,3958,19.394199999999998,32.506570302233904
daytime_evening,west_east,middle_west,5,demand_efficiency_watch_exploratory,3062,15.0038,25.14783180026281
daytime_evening,west_east,west,5,demand_efficiency_watch_exploratory,2886,14.141399999999999,23.702365308804204
daytime_evening,west_east,east,6,efficient_activation_support,591,2.8958999999999997,24.978867286559595
daytime_evening,west_east,middle_east,6,efficient_activation_support,528,2.5871999999999997,22.31614539306847
daytime_evening,west_east,middle_west,6,efficient_activation_support,583,2.8567,24.640743871513102
daytime_evening,west_east,west,6,efficient_activation_support,664,3.2536,28.064243448858832
daytime_evening,west_east,east,7,product_disagreement_zone,2368,11.6032,27.174661464310308
daytime_evening,west_east,middle_east,7,product_disagreement_zone,1622,7.9478,18.613725040165253
daytime_evening,west_east,middle_west,7,product_disagreement_zone,2993,14.6657,34.34702777140234
daytime_evening,west_east,west,7,product_disagreement_zone,1731,8.4819,19.8645857241221
daytime_evening,west_east,east,8,high_variability_zone,132,0.6467999999999999,22.837370242214533
daytime_evening,west_east,middle_east,8,high_variability_zone,126,0.6174,21.79930795847751
daytime_evening,west_east,middle_west,8,high_variability_zone,197,0.9652999999999999,34.083044982698965
daytime_evening,west_east,west,8,high_variability_zone,123,0.6027,21.280276816608996
all_available_timebin,north_south,middle_north,0,unclassified_or_no_data,28,0.1372,28.865979381443296
all_available_timebin,north_south,middle_south,0,unclassified_or_no_data,51,0.24989999999999998,52.57731958762887
all_available_timebin,north_south,north,0,unclassified_or_no_data,7,0.0343,7.216494845360824
all_available_timebin,north_south,south,0,unclassified_or_no_data,11,0.053899999999999997,11.34020618556701
all_available_timebin,north_south,middle_north,1,stable_core,95,0.46549999999999997,22.83653846153846
all_available_timebin,north_south,middle_south,1,stable_core,238,1.1662,57.21153846153846
all_available_timebin,north_south,north,1,stable_core,70,0.34299999999999997,16.826923076923077
all_available_timebin,north_south,south,1,stable_core,13,0.06369999999999999,3.125
all_available_timebin,north_south,middle_north,2,coherent_june_activation,66,0.32339999999999997,70.2127659574468
all_available_timebin,north_south,middle_south,2,coherent_june_activation,20,0.098,21.27659574468085
all_available_timebin,north_south,north,2,coherent_june_activation,4,0.0196,4.25531914893617
all_available_timebin,north_south,south,2,coherent_june_activation,4,0.0196,4.25531914893617
all_available_timebin,north_south,middle_north,4,esi_watch_zone_exploratory,3204,15.6996,27.962995287135627
all_available_timebin,north_south,middle_south,4,esi_watch_zone_exploratory,4142,20.2958,36.149415255716534
all_available_timebin,north_south,north,4,esi_watch_zone_exploratory,929,4.5521,8.1078722290103
all_available_timebin,north_south,south,4,esi_watch_zone_exploratory,3183,15.5967,27.779717228137546
all_available_timebin,north_south,middle_north,5,demand_efficiency_watch_exploratory,1974,9.6726,16.687801166624396
all_available_timebin,north_south,middle_south,5,demand_efficiency_watch_exploratory,7773,38.0877,65.71138726857723
all_available_timebin,north_south,north,5,demand_efficiency_watch_exploratory,575,2.8175,4.86093499027813
all_available_timebin,north_south,south,5,demand_efficiency_watch_exploratory,1507,7.3843,12.739876574520249
all_available_timebin,north_south,middle_north,6,efficient_activation_support,614,3.0086,25.69037656903766
all_available_timebin,north_south,middle_south,6,efficient_activation_support,1061,5.1989,44.39330543933055
all_available_timebin,north_south,north,6,efficient_activation_support,318,1.5582,13.305439330543933
all_available_timebin,north_south,south,6,efficient_activation_support,397,1.9453,16.610878661087867
all_available_timebin,north_south,middle_north,7,product_disagreement_zone,2679,13.1271,29.66120460584588
all_available_timebin,north_south,middle_south,7,product_disagreement_zone,4350,21.314999999999998,48.16209034543844
all_available_timebin,north_south,north,7,product_disagreement_zone,934,4.5766,10.341009743135517
all_available_timebin,north_south,south,7,product_disagreement_zone,1069,5.2381,11.83569530558016
all_available_timebin,north_south,middle_north,8,high_variability_zone,110,0.539,31.51862464183381
all_available_timebin,north_south,middle_south,8,high_variability_zone,83,0.4067,23.78223495702006
all_available_timebin,north_south,north,8,high_variability_zone,45,0.2205,12.893982808022923
all_available_timebin,north_south,south,8,high_variability_zone,111,0.5438999999999999,31.805157593123205
all_available_timebin,west_east,east,0,unclassified_or_no_data,17,0.0833,17.525773195876287
all_available_timebin,west_east,middle_east,0,unclassified_or_no_data,25,0.1225,25.773195876288657
all_available_timebin,west_east,middle_west,0,unclassified_or_no_data,46,0.2254,47.42268041237113
all_available_timebin,west_east,west,0,unclassified_or_no_data,9,0.0441,9.278350515463918
all_available_timebin,west_east,east,1,stable_core,112,0.5488,26.923076923076923
all_available_timebin,west_east,middle_east,1,stable_core,53,0.2597,12.740384615384615
all_available_timebin,west_east,middle_west,1,stable_core,209,1.0241,50.24038461538461
all_available_timebin,west_east,west,1,stable_core,42,0.20579999999999998,10.096153846153847
all_available_timebin,west_east,east,2,coherent_june_activation,9,0.0441,9.574468085106384
all_available_timebin,west_east,middle_east,2,coherent_june_activation,15,0.0735,15.957446808510639
all_available_timebin,west_east,middle_west,2,coherent_june_activation,67,0.3283,71.27659574468085
all_available_timebin,west_east,west,2,coherent_june_activation,3,0.0147,3.1914893617021276
all_available_timebin,west_east,east,4,esi_watch_zone_exploratory,2940,14.405999999999999,25.65892825973119
all_available_timebin,west_east,middle_east,4,esi_watch_zone_exploratory,1963,9.6187,17.132134753010998
all_available_timebin,west_east,middle_west,4,esi_watch_zone_exploratory,2966,14.5334,25.885843951824057
all_available_timebin,west_east,west,4,esi_watch_zone_exploratory,3589,17.5861,31.323093035433757
all_available_timebin,west_east,east,5,demand_efficiency_watch_exploratory,2086,10.2214,17.634626764730747
all_available_timebin,west_east,middle_east,5,demand_efficiency_watch_exploratory,4031,19.7519,34.07726773184546
all_available_timebin,west_east,middle_west,5,demand_efficiency_watch_exploratory,2863,14.028699999999999,24.203229351593542
all_available_timebin,west_east,west,5,demand_efficiency_watch_exploratory,2849,13.960099999999999,24.084876151830247
all_available_timebin,west_east,east,6,efficient_activation_support,578,2.8322,24.184100418410043
all_available_timebin,west_east,middle_east,6,efficient_activation_support,534,2.6166,22.343096234309623
all_available_timebin,west_east,middle_west,6,efficient_activation_support,592,2.9008,24.769874476987447
all_available_timebin,west_east,west,6,efficient_activation_support,686,3.3613999999999997,28.702928870292887
all_available_timebin,west_east,east,7,product_disagreement_zone,2589,12.6861,28.66474756421612
all_available_timebin,west_east,middle_east,7,product_disagreement_zone,1566,7.6734,17.338352524357838
all_available_timebin,west_east,middle_west,7,product_disagreement_zone,3152,15.444799999999999,34.89813994685562
all_available_timebin,west_east,west,7,product_disagreement_zone,1725,8.4525,19.098759964570416
all_available_timebin,west_east,east,8,high_variability_zone,94,0.4606,26.93409742120344
all_available_timebin,west_east,middle_east,8,high_variability_zone,73,0.35769999999999996,20.916905444126073
all_available_timebin,west_east,middle_west,8,high_variability_zone,102,0.49979999999999997,29.22636103151863
all_available_timebin,west_east,west,8,high_variability_zone,80,0.392,22.922636103151863
phase1_all_scene,north_south,middle_north,0,unclassified_or_no_data,1,0.0049,50.0
phase1_all_scene,north_south,north,0,unclassified_or_no_data,1,0.0049,50.0
phase1_all_scene,north_south,middle_north,1,stable_core,91,0.44589999999999996,23.697916666666664
phase1_all_scene,north_south,middle_south,1,stable_core,233,1.1417,60.677083333333336
phase1_all_scene,north_south,north,1,stable_core,50,0.245,13.020833333333334
phase1_all_scene,north_south,south,1,stable_core,10,0.049,2.604166666666667
phase1_all_scene,north_south,middle_north,2,coherent_june_activation,67,0.3283,70.52631578947368
phase1_all_scene,north_south,middle_south,2,coherent_june_activation,27,0.1323,28.421052631578945
phase1_all_scene,north_south,south,2,coherent_june_activation,1,0.0049,1.0526315789473684
phase1_all_scene,north_south,middle_north,4,esi_watch_zone_exploratory,3393,16.6257,26.089965397923876
phase1_all_scene,north_south,middle_south,4,esi_watch_zone_exploratory,4902,24.0198,37.693194925028834
phase1_all_scene,north_south,north,4,esi_watch_zone_exploratory,1227,6.0123,9.434832756632066
phase1_all_scene,north_south,south,4,esi_watch_zone_exploratory,3483,17.0667,26.782006920415224
phase1_all_scene,north_south,middle_north,5,demand_efficiency_watch_exploratory,1856,9.0944,18.378057233389445
phase1_all_scene,north_south,middle_south,5,demand_efficiency_watch_exploratory,6783,33.2367,67.16506584810378
phase1_all_scene,north_south,north,5,demand_efficiency_watch_exploratory,291,1.4259,2.881473413209229
phase1_all_scene,north_south,south,5,demand_efficiency_watch_exploratory,1169,5.7280999999999995,11.575403505297555
phase1_all_scene,north_south,middle_north,6,efficient_activation_support,602,2.9497999999999998,18.9010989010989
phase1_all_scene,north_south,middle_south,6,efficient_activation_support,1566,7.6734,49.167974882260594
phase1_all_scene,north_south,north,6,efficient_activation_support,518,2.5382,16.263736263736263
phase1_all_scene,north_south,south,6,efficient_activation_support,499,2.4451,15.66718995290424
phase1_all_scene,north_south,middle_north,7,product_disagreement_zone,933,4.5717,47.48091603053435
phase1_all_scene,north_south,middle_south,7,product_disagreement_zone,773,3.7877,39.338422391857506
phase1_all_scene,north_south,north,7,product_disagreement_zone,177,0.8673,9.007633587786259
phase1_all_scene,north_south,south,7,product_disagreement_zone,82,0.4018,4.1730279898218825
phase1_all_scene,north_south,middle_north,8,high_variability_zone,23,0.1127,60.526315789473685
phase1_all_scene,north_south,north,8,high_variability_zone,3,0.0147,7.894736842105263
phase1_all_scene,north_south,south,8,high_variability_zone,12,0.0588,31.57894736842105
phase1_all_scene,north_south,middle_north,9,seasonal_activation_zone,1479,7.2471,24.740715958514553
phase1_all_scene,north_south,middle_south,9,seasonal_activation_zone,3210,15.729,53.69688859150218
phase1_all_scene,north_south,north,9,seasonal_activation_zone,453,2.2197,7.577785212445634
phase1_all_scene,north_south,south,9,seasonal_activation_zone,836,4.0964,13.984610237537638
phase1_all_scene,west_east,east,0,unclassified_or_no_data,1,0.0049,50.0
phase1_all_scene,west_east,middle_west,0,unclassified_or_no_data,1,0.0049,50.0
phase1_all_scene,west_east,east,1,stable_core,92,0.4508,23.958333333333336
phase1_all_scene,west_east,middle_east,1,stable_core,73,0.35769999999999996,19.010416666666664
phase1_all_scene,west_east,middle_west,1,stable_core,189,0.9260999999999999,49.21875
phase1_all_scene,west_east,west,1,stable_core,30,0.147,7.8125
phase1_all_scene,west_east,east,2,coherent_june_activation,2,0.0098,2.1052631578947367
phase1_all_scene,west_east,middle_east,2,coherent_june_activation,19,0.0931,20.0
phase1_all_scene,west_east,middle_west,2,coherent_june_activation,73,0.35769999999999996,76.84210526315789
phase1_all_scene,west_east,west,2,coherent_june_activation,1,0.0049,1.0526315789473684
phase1_all_scene,west_east,east,4,esi_watch_zone_exploratory,3511,17.2039,26.997308727412534
phase1_all_scene,west_east,middle_east,4,esi_watch_zone_exploratory,2100,10.29,16.147635524798154
phase1_all_scene,west_east,middle_west,4,esi_watch_zone_exploratory,3251,15.9299,24.998077662437524
phase1_all_scene,west_east,west,4,esi_watch_zone_exploratory,4143,20.3007,31.856978085351788
phase1_all_scene,west_east,east,5,demand_efficiency_watch_exploratory,1600,7.84,15.843152787404694
phase1_all_scene,west_east,middle_east,5,demand_efficiency_watch_exploratory,3631,17.7919,35.95405485691653
phase1_all_scene,west_east,middle_west,5,demand_efficiency_watch_exploratory,2331,11.421899999999999,23.08149321715021
phase1_all_scene,west_east,west,5,demand_efficiency_watch_exploratory,2537,12.4313,25.12129913852857
phase1_all_scene,west_east,east,6,efficient_activation_support,874,4.2825999999999995,27.44113029827315
phase1_all_scene,west_east,middle_east,6,efficient_activation_support,720,3.528,22.605965463108323
phase1_all_scene,west_east,middle_west,6,efficient_activation_support,843,4.1307,26.467817896389324
phase1_all_scene,west_east,west,6,efficient_activation_support,748,3.6652,23.4850863422292
phase1_all_scene,west_east,east,7,product_disagreement_zone,577,2.8272999999999997,29.36386768447837
phase1_all_scene,west_east,middle_east,7,product_disagreement_zone,524,2.5676,26.666666666666668
phase1_all_scene,west_east,middle_west,7,product_disagreement_zone,729,3.5721,37.099236641221374
phase1_all_scene,west_east,west,7,product_disagreement_zone,135,0.6615,6.870229007633588
phase1_all_scene,west_east,east,8,high_variability_zone,3,0.0147,7.894736842105263
phase1_all_scene,west_east,middle_east,8,high_variability_zone,23,0.1127,60.526315789473685
phase1_all_scene,west_east,middle_west,8,high_variability_zone,1,0.0049,2.631578947368421
phase1_all_scene,west_east,west,8,high_variability_zone,11,0.053899999999999997,28.947368421052634
phase1_all_scene,west_east,east,9,seasonal_activation_zone,1430,7.007,23.92104382736701
phase1_all_scene,west_east,middle_east,9,seasonal_activation_zone,1045,5.1205,17.480762796922047
phase1_all_scene,west_east,middle_west,9,seasonal_activation_zone,2339,11.4611,39.12679826028772
phase1_all_scene,west_east,west,9,seasonal_activation_zone,1164,5.7036,19.471395115423217
