class_map,class_code,class_name,story_role,description,pixel_count,area_km2,percent_of_valid_aoi,centroid_x,centroid_y,min_x,max_x,min_y,max_y,elevation_available,elevation_mean,elevation_median,elevation_p25,elevation_p75,slope_available,slope_mean,slope_median,slope_p25,slope_p75,aspect_available,aspect_mean,aspect_median,aspect_p25,aspect_p75,forest_mask_available
daytime,0,unclassified_or_no_data,not interpreted,No dominant story assigned or no valid trend support.,135,0.6615,0.378522360857984,589682.4074074074,5167779.814814814,580725.0,599065.0,5159525.0,5179685.0,True,2373.91162109375,2342.45751953125,2264.409423828125,2470.897705078125,True,36.24079132080078,35.56397247314453,31.098527908325195,41.194061279296875,True,205.14910888671875,222.94754028320312,123.40401458740234,299.2386169433594,False
daytime,1,stable_core,strong stability candidate,"Low interannual variability across NDVI, ET, and ESI.",374,1.8326,1.0486471330436002,590463.7967914438,5169716.92513369,579815.0,599695.0,5160645.0,5180315.0,True,2010.627685546875,2024.033935546875,1807.636962890625,2205.117431640625,True,33.184844970703125,34.066192626953125,26.667816162109375,39.692996978759766,True,184.0935821533203,223.4709014892578,81.93434143066406,261.37139892578125,False
daytime,2,coherent_june_activation,coherent activation,NDVI and ET slopes are positive and ESI is nonnegative.,96,0.4704,0.269171456610122,588441.7708333334,5170506.25,584085.0,598715.0,5162185.0,5180315.0,True,1835.17529296875,1799.536865234375,1719.449462890625,1895.5482177734375,True,31.444259643554688,32.31523132324219,24.194419860839844,37.7849235534668,True,189.50318908691406,186.04554748535156,167.03688049316406,202.4698486328125,False
daytime,4,esi_watch_zone_exploratory,monitoring zone,NDVI and ET are positive but ESI slope is negative.,10646,52.1654,29.84999299032665,589599.278602292,5167714.921097126,579675.0,600535.0,5158615.0,5180245.0,True,2554.12744140625,2570.55419921875,2391.865234375,2734.6962890625,True,31.39901351928711,32.2912712097168,24.799293518066406,38.10045623779297,True,173.75621032714844,166.07745361328125,99.73899841308594,249.2828369140625,False
daytime,5,demand_efficiency_watch_exploratory,monitoring zone,"NDVI, ET, and PET are positive while WUE is negative.",12386,60.6914,34.72872564138511,589716.3773615372,5167813.56289359,579395.0,600465.0,5158755.0,5180385.0,True,2110.637451171875,2093.99365234375,1945.904296875,2243.39404296875,True,27.85409927368164,28.16305923461914,20.663991928100586,34.69281768798828,True,161.86544799804688,155.71856689453125,81.65957641601562,238.8857421875,False
daytime,6,efficient_activation_support,efficient activation candidate,NDVI and ET are positive and WUE is nonnegative.,2445,11.9805,6.855460535539044,589899.0081799591,5168777.797546012,579535.0,600395.0,5158545.0,5180105.0,True,2302.65576171875,2288.670654296875,2078.285400390625,2527.0419921875,True,30.76934242248535,31.08220100402832,24.16055679321289,37.17286682128906,True,181.8784942626953,185.07260131835938,126.60995483398438,236.25967407226562,False
daytime,7,product_disagreement_zone,hypothesis generator,Main products point in conflicting directions.,8817,43.2033,24.72171596803589,589949.4232732222,5168306.447204265,579465.0,599975.0,5158545.0,5180385.0,True,2331.509521484375,2359.399169921875,2060.8798828125,2613.33935546875,True,30.841537475585938,31.48443031311035,24.39197540283203,37.30659484863281,True,196.48838806152344,216.20152282714844,111.75509643554688,273.18438720703125,False
daytime,8,high_variability_zone,variability zone,One or more main products show high interannual variability.,766,3.7534,2.1477639142015983,588993.681462141,5166940.796344647,580655.0,599625.0,5158545.0,5179615.0,True,2587.6279296875,2638.3564453125,2379.895263671875,2753.6201171875,True,29.687137603759766,28.12755584716797,21.428220748901367,36.41483688354492,True,196.99879455566406,200.84988403320312,138.23745727539062,263.9390563964844,False
midday_afternoon,0,unclassified_or_no_data,not interpreted,No dominant story assigned or no valid trend support.,640,3.136,1.794476377400813,588278.875,5167231.5625,579605.0,599905.0,5159385.0,5179825.0,True,2216.013916015625,2186.79638671875,2033.3797607421875,2369.16552734375,True,33.204307556152344,34.58723449707031,27.78499412536621,39.578773498535156,True,178.14247131347656,186.07505798339844,91.78893280029297,258.3785095214844,False
midday_afternoon,1,stable_core,strong stability candidate,"Low interannual variability across NDVI, ET, and ESI.",1370,6.713,3.841300995373616,590070.0,5168534.817518248,579465.0,599975.0,5159805.0,5180315.0,True,1996.5867919921875,2009.2314453125,1856.373291015625,2136.450439453125,True,29.56775665283203,29.955101013183594,22.002872467041016,36.214805603027344,True,174.32882690429688,185.86605834960938,82.18659210205078,257.79998779296875,False
midday_afternoon,2,coherent_june_activation,coherent activation,NDVI and ET slopes are positive and ESI is nonnegative.,187,0.9163,0.5243235665218001,587180.3475935829,5166457.994652406,579395.0,599415.0,5159385.0,5180315.0,True,1929.740478515625,1860.4688720703125,1768.796142578125,2020.160888671875,True,24.39263916015625,25.70656394958496,19.294879913330078,30.420860290527344,True,158.08775329589844,163.57012939453125,83.19322204589844,218.69178771972656,False
midday_afternoon,3,strong_june_activation,strong activation,NDVI and ET slopes are both in the upper activation range.,24,0.1176,0.0672928641525305,582682.0833333334,5163100.833333333,579465.0,592135.0,5161135.0,5168625.0,True,1886.9522705078125,1898.9638671875,1820.5673828125,1961.338134765625,True,27.971771240234375,27.647239685058594,20.851221084594727,30.174938201904297,True,160.2494659423828,170.27633666992188,141.05459594726562,189.13934326171875,False
midday_afternoon,4,esi_watch_zone_exploratory,monitoring zone,NDVI and ET are positive but ESI slope is negative.,2225,10.9025,6.238609280807514,588977.795505618,5167057.346067416,579535.0,600465.0,5158615.0,5179125.0,True,2604.55029296875,2636.595703125,2494.041748046875,2759.7783203125,True,30.495851516723633,31.083498001098633,24.03097152709961,37.234981536865234,True,168.43763732910156,162.85855102539062,109.5052490234375,225.32803344726562,False
midday_afternoon,5,demand_efficiency_watch_exploratory,monitoring zone,"NDVI, ET, and PET are positive while WUE is negative.",10350,50.714999999999996,29.020047665778776,589356.1420289855,5167637.885024155,579465.0,600465.0,5158685.0,5180385.0,True,2217.221435546875,2177.552490234375,2012.512451171875,2411.407958984375,True,29.367734909057617,29.994216918945312,22.401119232177734,36.30686569213867,True,175.15965270996094,175.859375,91.12211608886719,256.90716552734375,False
midday_afternoon,6,efficient_activation_support,efficient activation candidate,NDVI and ET are positive and WUE is nonnegative.,977,4.7873,2.739380344875929,592105.4094165814,5168141.018423746,579745.0,600535.0,5158545.0,5178915.0,True,2748.447998046875,2766.294677734375,2653.7470703125,2850.86181640625,True,32.90238952636719,33.85733413696289,25.542707443237305,39.5556640625,True,161.1321563720703,151.94854736328125,101.01998901367188,220.58761596679688,False
midday_afternoon,7,product_disagreement_zone,hypothesis generator,Main products point in conflicting directions.,17934,87.8766,50.28459273797841,589962.5136612022,5168240.983606557,579395.0,600395.0,5158545.0,5180385.0,True,2337.763671875,2355.266845703125,2095.01513671875,2594.650634765625,True,29.878828048706055,30.44834327697754,23.05388641357422,36.54910659790039,True,178.59909057617188,182.1277313232422,100.06481170654297,253.75167846679688,False
midday_afternoon,8,high_variability_zone,variability zone,One or more main products show high interannual variability.,1958,9.594199999999999,5.489976167110613,590000.2145045965,5168435.091930541,579675.0,599905.0,5158545.0,5180035.0,True,2473.43212890625,2530.7412109375,2260.15185546875,2711.64990234375,True,32.03406524658203,32.49273681640625,23.851106643676758,39.96427536010742,True,185.3668670654297,190.15550231933594,103.58433532714844,260.99334716796875,False
daytime_evening,0,unclassified_or_no_data,not interpreted,No dominant story assigned or no valid trend support.,116,0.5684,0.32524884340389737,589853.9655172414,5168247.844827586,580795.0,599065.0,5159525.0,5179685.0,True,2383.593994140625,2342.83935546875,2264.4599609375,2486.44970703125,True,37.797183990478516,36.83222961425781,31.748064041137695,44.392059326171875,True,208.76760864257812,238.6168670654297,115.45808410644531,301.24798583984375,False
daytime_evening,1,stable_core,strong stability candidate,"Low interannual variability across NDVI, ET, and ESI.",377,1.8473,1.0570587410626664,590656.6445623342,5169717.705570292,579815.0,599765.0,5160645.0,5180245.0,True,1999.6126708984375,1998.646484375,1806.625244140625,2192.54248046875,True,32.613609313964844,32.94792175292969,25.690019607543945,39.19939422607422,True,184.0780029296875,223.7215576171875,80.59386444091797,261.813232421875,False
daytime_evening,2,coherent_june_activation,coherent activation,NDVI and ET slopes are positive and ESI is nonnegative.,99,0.4851,0.2775830646291883,588941.1616161616,5170511.464646464,584015.0,598925.0,5162185.0,5180315.0,True,1849.6995849609375,1805.0166015625,1719.449462890625,1915.970458984375,True,30.82218360900879,31.860416412353516,21.746795654296875,37.80902862548828,True,190.5175323486328,190.02639770507812,169.400634765625,206.344970703125,False
daytime_evening,4,esi_watch_zone_exploratory,monitoring zone,NDVI and ET are positive but ESI slope is negative.,11239,55.0711,31.512687508762095,589482.380549871,5167601.420500045,579675.0,600535.0,5158615.0,5180245.0,True,2557.0751953125,2574.35302734375,2393.7666015625,2737.171142578125,True,31.381500244140625,32.27941131591797,24.808862686157227,38.090301513671875,True,173.26828002929688,165.24456787109375,99.32185363769531,248.59593200683594,False
daytime_evening,5,demand_efficiency_watch_exploratory,monitoring zone,"NDVI, ET, and PET are positive while WUE is negative.",12176,59.6624,34.13991308005047,589690.2603482261,5167783.401773982,579395.0,600465.0,5158755.0,5180385.0,True,2118.866455078125,2100.8310546875,1952.180419921875,2251.814453125,True,27.915189743041992,28.269763946533203,20.721397399902344,34.75878143310547,True,162.4435577392578,156.87966918945312,82.84353637695312,238.89024353027344,False
daytime_evening,6,efficient_activation_support,efficient activation candidate,NDVI and ET are positive and WUE is nonnegative.,2366,11.593399999999999,6.633954857703631,589762.7218934911,5168657.455621302,579535.0,600395.0,5158545.0,5179825.0,True,2317.627197265625,2303.119873046875,2093.922607421875,2548.7880859375,True,30.925695419311523,31.248355865478516,24.353483200073242,37.2062873840332,True,179.4436492919922,181.05331420898438,124.12042236328125,233.28306579589844,False
daytime_evening,7,product_disagreement_zone,hypothesis generator,Main products point in conflicting directions.,8714,42.6986,24.432917426047947,590092.034656874,5168464.563920128,579465.0,599975.0,5158545.0,5180385.0,True,2298.67724609375,2321.615234375,2012.496337890625,2577.707275390625,True,30.60511589050293,31.208677291870117,23.954599380493164,37.12297058105469,True,197.8046875,218.68008422851562,112.0590591430664,274.0587158203125,False
daytime_evening,8,high_variability_zone,variability zone,One or more main products show high interannual variability.,578,2.8322,1.6206364783401095,589932.1799307958,5167808.615916955,580865.0,599625.0,5158545.0,5179615.0,True,2575.211669921875,2632.699462890625,2350.683837890625,2749.200927734375,True,30.002460479736328,28.32844352722168,21.81309700012207,36.94877624511719,True,192.9820098876953,195.51951599121094,130.3860626220703,264.2213134765625,False
all_available_timebin,0,unclassified_or_no_data,not interpreted,No dominant story assigned or no valid trend support.,97,0.4753,0.2719753259498108,589995.3092783506,5168380.360824742,581425.0,599065.0,5159525.0,5179615.0,True,2367.931884765625,2331.2470703125,2260.353515625,2455.173828125,True,37.38878631591797,36.835365295410156,31.0944766998291,43.78083038330078,True,208.23887634277344,230.25299072265625,94.21231842041016,303.922607421875,False
all_available_timebin,1,stable_core,strong stability candidate,"Low interannual variability across NDVI, ET, and ESI.",416,2.0383999999999998,1.1664096453105284,590661.6346153846,5169774.278846154,580025.0,599695.0,5159665.0,5180385.0,True,1995.5216064453125,2002.5582275390625,1808.78662109375,2178.6875,True,32.21101760864258,32.22240447998047,24.772855758666992,38.67256164550781,True,181.97637939453125,220.4649658203125,79.4384536743164,261.6311950683594,False
all_available_timebin,2,coherent_june_activation,coherent activation,NDVI and ET slopes are positive and ESI is nonnegative.,94,0.4606,0.26356371793074446,588578.4042553192,5170216.382978723,584015.0,598715.0,5162185.0,5180315.0,True,1841.8045654296875,1795.851806640625,1715.8707275390625,1898.9666748046875,True,30.353591918945312,31.023052215576172,17.37027359008789,37.7672004699707,True,186.25856018066406,185.41226196289062,164.10072326660156,205.228759765625,False
all_available_timebin,4,esi_watch_zone_exploratory,monitoring zone,NDVI and ET are positive but ESI slope is negative.,11458,56.1442,32.12673489415393,589439.1263745854,5167553.617559783,579675.0,600535.0,5158545.0,5180245.0,True,2559.43798828125,2577.34375,2395.898193359375,2740.62841796875,True,31.4201717376709,32.300209045410156,24.838111877441406,38.128910064697266,True,173.158447265625,164.99465942382812,99.73899841308594,247.98683166503906,False
all_available_timebin,5,demand_efficiency_watch_exploratory,monitoring zone,"NDVI, ET, and PET are positive while WUE is negative.",11829,57.9621,33.16697041917847,589631.2913179474,5167649.077267732,579395.0,600465.0,5158545.0,5180385.0,True,2126.807861328125,2107.302001953125,1957.5042724609375,2262.333984375,True,27.84152603149414,28.15947151184082,20.656599044799805,34.710662841796875,True,161.58462524414062,155.41262817382812,82.48434448242188,236.8749542236328,False
all_available_timebin,6,efficient_activation_support,efficient activation candidate,NDVI and ET are positive and WUE is nonnegative.,2390,11.711,6.701247721856161,589648.0083682009,5168531.949790795,579535.0,600395.0,5158545.0,5179825.0,True,2327.292724609375,2314.4189453125,2102.75390625,2570.1201171875,True,30.954574584960938,31.29914093017578,24.39801025390625,37.22773742675781,True,177.59828186035156,179.10008239746094,122.589111328125,230.59886169433594,False
all_available_timebin,7,product_disagreement_zone,hypothesis generator,Main products point in conflicting directions.,9032,44.2568,25.324547876068976,590239.5438441099,5168699.495128432,579465.0,600045.0,5158545.0,5180385.0,True,2280.037353515625,2295.410888671875,1990.7509765625,2560.61669921875,True,30.531362533569336,31.126405715942383,23.836549758911133,37.0766716003418,True,198.89532470703125,221.07139587402344,113.98844146728516,274.42913818359375,False
all_available_timebin,8,high_variability_zone,variability zone,One or more main products show high interannual variability.,349,1.7101,0.9785503995513809,590179.8137535816,5167983.76790831,581355.0,599625.0,5158545.0,5179615.0,True,2534.6630859375,2549.02392578125,2305.359375,2740.912353515625,True,30.321699142456055,28.429107666015625,23.226572036743164,36.33994674682617,True,194.2653045654297,196.70828247070312,125.63578796386719,273.926025390625,False
phase1_all_scene,0,unclassified_or_no_data,not interpreted,No dominant story assigned or no valid trend support.,2,0.0098,0.005755230065321861,593220.0,5173770.0,587375.0,599065.0,5169745.0,5177795.0,True,1909.6837158203125,1909.6837158203125,1892.641845703125,1926.7255859375,True,41.78546142578125,41.78546142578125,38.67471694946289,44.896202087402344,True,250.24307250976562,250.24307250976562,220.33065795898438,280.1554870605469,False
phase1_all_scene,1,stable_core,strong stability candidate,"Low interannual variability across NDVI, ET, and ESI.",384,1.8816,1.1050041725417974,590557.265625,5169328.463541667,580025.0,599975.0,5159665.0,5180385.0,True,2041.55078125,2067.4111328125,1876.4937744140625,2196.820556640625,True,31.98192596435547,31.748092651367188,24.592891693115234,38.744197845458984,True,185.39390563964844,222.90719604492188,81.37023162841797,267.48712158203125,False
phase1_all_scene,2,coherent_june_activation,coherent activation,NDVI and ET slopes are positive and ESI is nonnegative.,95,0.46549999999999997,0.2733734281027884,588372.6842105263,5169741.315789473,584085.0,599065.0,5162325.0,5174855.0,True,1816.7813720703125,1783.8304443359375,1696.69580078125,1902.609619140625,True,29.285598754882812,28.983625411987305,20.775596618652344,35.561912536621094,True,162.662841796875,178.7352294921875,120.56982421875,201.22702026367188,False
phase1_all_scene,4,esi_watch_zone_exploratory,monitoring zone,NDVI and ET are positive but ESI slope is negative.,13005,63.7245,37.4233834997554,589414.3979238755,5167648.132641292,579675.0,600395.0,5158615.0,5179825.0,True,2516.89599609375,2529.072998046875,2348.95458984375,2703.646484375,True,31.182449340820312,32.255069732666016,24.825674057006836,37.909202575683594,True,181.40687561035156,181.67660522460938,105.43568420410156,257.5040588378906,False
phase1_all_scene,5,demand_efficiency_watch_exploratory,monitoring zone,"NDVI, ET, and PET are positive while WUE is negative.",10099,49.485099999999996,29.061034214842742,589547.7864144965,5167619.187543321,579465.0,600465.0,5158545.0,5180315.0,True,2164.88720703125,2134.04736328125,1966.633056640625,2322.44287109375,True,27.656509399414062,28.019134521484375,20.69391632080078,34.4939079284668,True,152.6417999267578,137.96450805664062,80.72708129882812,219.0123291015625,False
phase1_all_scene,6,efficient_activation_support,efficient activation candidate,NDVI and ET are positive and WUE is nonnegative.,3185,15.606499999999999,9.165203879025064,590272.6263736264,5168589.813186813,579465.0,600255.0,5158615.0,5180245.0,True,2193.477294921875,2134.590087890625,1989.2655029296875,2350.589111328125,True,29.76542854309082,30.154123306274414,23.313827514648438,36.12040328979492,True,195.92837524414062,209.92869567871094,140.93310546875,256.2635803222656,False
phase1_all_scene,7,product_disagreement_zone,hypothesis generator,Main products point in conflicting directions.,1965,9.628499999999999,5.654513539178729,591350.358778626,5169866.119592875,579675.0,599975.0,5161485.0,5180385.0,True,2073.119140625,1936.805908203125,1792.61328125,2187.18212890625,True,28.44348907470703,28.495710372924805,20.82900619506836,35.880802154541016,True,170.68038940429688,172.5767822265625,83.68364715576172,252.15135192871094,False
phase1_all_scene,8,high_variability_zone,variability zone,One or more main products show high interannual variability.,38,0.1862,0.10934937124111535,590340.7894736842,5169295.52631579,583805.0,598015.0,5162395.0,5177445.0,True,2733.489013671875,2742.38671875,2682.68994140625,2754.9267578125,True,25.974075317382812,23.471778869628906,16.679244995117188,32.01978302001953,True,175.1871337890625,155.97657775878906,72.20366668701172,299.8449401855469,False
phase1_all_scene,9,seasonal_activation_zone,seasonal activation candidate,Winter-to-spring activation is consistently positive for NDVI and ET.,5978,29.292199999999998,17.202382665247043,589779.2271662763,5168060.269320843,579465.0,599905.0,5158545.0,5180315.0,True,2317.146728515625,2320.6416015625,2072.08935546875,2571.028076171875,True,30.375951766967773,31.096275329589844,23.789588928222656,36.910030364990234,True,197.74790954589844,217.9385986328125,114.14679718017578,274.16644287109375,False
