class_map,class_code,class_name,patch_id,pixel_count,area_km2,centroid_x,centroid_y,min_x,max_x,min_y,max_y
daytime,1,stable_core,63,42,0.20579999999999998,588091.6666666666,5169246.666666667,587865.0,588495.0,5168905.0,5169535.0
daytime,1,stable_core,137,16,0.0784,586176.25,5165208.125,586045.0,586255.0,5164915.0,5165475.0
daytime,1,stable_core,14,13,0.06369999999999999,599248.0769230769,5177983.461538462,599065.0,599415.0,5177865.0,5178075.0
daytime,1,stable_core,58,11,0.053899999999999997,589411.3636363636,5169783.181818182,589265.0,589475.0,5169605.0,5169885.0
daytime,1,stable_core,46,10,0.049,590504.0,5170781.0,590315.0,590665.0,5170725.0,5170865.0
daytime,2,coherent_june_activation,9,38,0.1862,586317.6315789474,5170898.157894737,585975.0,586605.0,5170655.0,5171355.0
daytime,2,coherent_june_activation,20,11,0.053899999999999997,592052.2727272727,5168338.636363637,591925.0,592205.0,5168205.0,5168485.0
daytime,4,esi_watch_zone_exploratory,223,2773,13.5877,584643.9902632528,5162608.205914172,581495.0,588355.0,5158615.0,5167015.0
daytime,4,esi_watch_zone_exploratory,27,2249,11.0201,597857.3832814584,5171167.378835037,595425.0,600535.0,5167645.0,5176465.0
daytime,4,esi_watch_zone_exploratory,216,620,3.038,581137.6612903225,5164264.564516129,579885.0,581915.0,5162325.0,5167085.0
daytime,4,esi_watch_zone_exploratory,31,581,2.8468999999999998,586497.891566265,5175129.698795181,585205.0,587655.0,5174085.0,5176325.0
daytime,4,esi_watch_zone_exploratory,88,498,2.4402,594887.2088353414,5170529.196787149,593465.0,597245.0,5169325.0,5171495.0
daytime,4,esi_watch_zone_exploratory,211,488,2.3912,593429.1393442623,5166264.3647540985,591925.0,595005.0,5165195.0,5167225.0
daytime,4,esi_watch_zone_exploratory,119,398,1.9502,586762.7638190954,5168576.281407035,585485.0,588005.0,5166945.0,5169955.0
daytime,4,esi_watch_zone_exploratory,139,343,1.6806999999999999,583728.6734693878,5168177.244897959,582825.0,584645.0,5167155.0,5169115.0
daytime,4,esi_watch_zone_exploratory,68,262,1.2838,590336.106870229,5172126.335877863,588985.0,591715.0,5171495.0,5172685.0
daytime,4,esi_watch_zone_exploratory,7,180,0.882,597989.7222222222,5177805.888888889,597455.0,598365.0,5176395.0,5179125.0
daytime,5,demand_efficiency_watch_exploratory,60,5698,27.920199999999998,591991.9778869778,5167560.823095823,587375.0,597035.0,5164145.0,5171985.0
daytime,5,demand_efficiency_watch_exploratory,86,1674,8.2026,585247.5268817204,5167442.986857826,583385.0,586955.0,5163865.0,5171075.0
daytime,5,demand_efficiency_watch_exploratory,295,1200,5.88,581423.4833333333,5161949.683333334,579395.0,583595.0,5159945.0,5163865.0
daytime,5,demand_efficiency_watch_exploratory,19,1132,5.5468,598619.3992932863,5174556.881625442,596125.0,600185.0,5172615.0,5176885.0
daytime,5,demand_efficiency_watch_exploratory,111,755,3.6995,582151.701986755,5167570.36423841,580025.0,583805.0,5164845.0,5170305.0
daytime,5,demand_efficiency_watch_exploratory,236,134,0.6566,582847.4626865672,5165637.462686568,582055.0,583595.0,5164845.0,5166175.0
daytime,5,demand_efficiency_watch_exploratory,89,117,0.5733,586367.4786324786,5170400.128205128,585765.0,586885.0,5169885.0,5170865.0
daytime,5,demand_efficiency_watch_exploratory,259,116,0.5684,580090.775862069,5164406.8965517245,579605.0,580725.0,5163865.0,5165125.0
daytime,5,demand_efficiency_watch_exploratory,1,95,0.46549999999999997,598516.7894736842,5179841.2105263155,598085.0,598995.0,5179405.0,5180385.0
daytime,5,demand_efficiency_watch_exploratory,67,78,0.3822,585587.3076923077,5171198.846153846,585345.0,586115.0,5170655.0,5171705.0
daytime,6,efficient_activation_support,437,105,0.5145,580782.3333333334,5160934.333333333,580165.0,581355.0,5160295.0,5161555.0
daytime,6,efficient_activation_support,4,100,0.49,598363.6,5178860.4,597945.0,598925.0,5178145.0,5179475.0
daytime,6,efficient_activation_support,123,98,0.48019999999999996,586382.1428571428,5170045.714285715,585415.0,587235.0,5169745.0,5170515.0
daytime,6,efficient_activation_support,242,90,0.441,593048.8888888889,5167371.222222222,592205.0,593815.0,5166945.0,5167855.0
daytime,6,efficient_activation_support,138,85,0.4165,590664.1764705882,5169662.647058823,590245.0,591155.0,5169185.0,5170025.0
daytime,6,efficient_activation_support,331,57,0.2793,589132.3684210526,5165918.333333333,588775.0,589615.0,5165685.0,5166105.0
daytime,6,efficient_activation_support,272,47,0.2303,583286.7021276596,5166901.808510638,582825.0,583665.0,5166595.0,5167225.0
daytime,6,efficient_activation_support,110,45,0.2205,598708.7777777778,5171182.333333333,598505.0,598925.0,5170865.0,5171425.0
daytime,6,efficient_activation_support,173,35,0.17149999999999999,600125.0,5169021.0,599835.0,600395.0,5168835.0,5169185.0
daytime,6,efficient_activation_support,370,34,0.1666,590084.4117647059,5164931.470588235,589755.0,590385.0,5164565.0,5165405.0
daytime,7,product_disagreement_zone,232,1066,5.2234,587252.7298311444,5165918.442776736,585205.0,589195.0,5163095.0,5168835.0
daytime,7,product_disagreement_zone,17,909,4.4540999999999995,598045.9570957095,5175687.530253026,596475.0,599625.0,5173805.0,5178495.0
daytime,7,product_disagreement_zone,174,599,2.9351,597799.6243739566,5168473.080133556,596195.0,599485.0,5166665.0,5170165.0
daytime,7,product_disagreement_zone,330,518,2.5382,582017.027027027,5164801.216216216,581215.0,583105.0,5163655.0,5166875.0
daytime,7,product_disagreement_zone,119,306,1.4993999999999998,593651.6666666666,5171120.294117647,592415.0,594585.0,5169815.0,5172125.0
daytime,7,product_disagreement_zone,113,240,1.176,591181.5416666666,5171411.583333333,589895.0,592205.0,5170585.0,5172265.0
daytime,7,product_disagreement_zone,312,235,1.1515,590087.1276595745,5166557.468085106,588845.0,590945.0,5165755.0,5167225.0
daytime,7,product_disagreement_zone,216,227,1.1123,588600.4625550661,5168247.555066079,588145.0,589195.0,5167295.0,5169255.0
daytime,7,product_disagreement_zone,181,223,1.0927,587303.7443946188,5169420.426008969,586255.0,587865.0,5168625.0,5170025.0
daytime,7,product_disagreement_zone,434,210,1.029,590488.6666666666,5164215.0,589265.0,591785.0,5163305.0,5165265.0
daytime,8,high_variability_zone,115,54,0.2646,587498.1481481482,5163107.962962963,587025.0,587935.0,5162605.0,5163515.0
daytime,8,high_variability_zone,27,51,0.24989999999999998,593265.9803921569,5170908.9215686275,592905.0,593605.0,5170585.0,5171215.0
daytime,8,high_variability_zone,78,44,0.21559999999999999,584081.8181818182,5165121.818181818,583665.0,584435.0,5164775.0,5165405.0
daytime,8,high_variability_zone,61,40,0.196,582762.0,5166336.0,582475.0,583175.0,5166175.0,5166595.0
daytime,8,high_variability_zone,123,39,0.1911,583785.2564102564,5162407.564102564,583385.0,584015.0,5162115.0,5162745.0
daytime,8,high_variability_zone,2,37,0.1813,597818.2432432432,5177605.810810811,597595.0,598015.0,5177375.0,5177865.0
daytime,8,high_variability_zone,44,37,0.1813,595506.3513513514,5169875.540540541,595145.0,595845.0,5169675.0,5170025.0
daytime,8,high_variability_zone,25,36,0.1764,592461.6666666666,5171804.166666667,592275.0,592695.0,5171565.0,5171985.0
daytime,8,high_variability_zone,83,28,0.1372,584995.0,5164662.5,584855.0,585205.0,5164215.0,5164985.0
daytime,8,high_variability_zone,113,16,0.0784,586972.5,5163340.0,586885.0,587095.0,5163025.0,5163585.0
midday_afternoon,1,stable_core,14,69,0.3381,598989.9275362319,5177846.739130435,598645.0,599415.0,5177375.0,5178495.0
midday_afternoon,1,stable_core,50,57,0.2793,585162.0175438597,5170748.333333333,584575.0,585625.0,5170445.0,5171145.0
midday_afternoon,1,stable_core,224,46,0.2254,589029.1304347826,5165904.130434782,588775.0,589405.0,5165685.0,5166105.0
midday_afternoon,1,stable_core,172,39,0.1911,588990.3846153846,5167298.58974359,588635.0,589265.0,5166945.0,5167575.0
midday_afternoon,1,stable_core,2,35,0.17149999999999999,598731.0,5179625.0,598365.0,599065.0,5179405.0,5179895.0
midday_afternoon,1,stable_core,258,32,0.1568,593305.3125,5164785.9375,593045.0,593605.0,5164565.0,5165125.0
midday_afternoon,1,stable_core,152,31,0.1519,590543.0645161291,5167523.064516129,590315.0,590805.0,5167225.0,5167785.0
midday_afternoon,1,stable_core,66,30,0.147,589234.6666666666,5169803.333333333,588985.0,589475.0,5169605.0,5170095.0
midday_afternoon,1,stable_core,58,29,0.1421,584080.1724137932,5170314.655172414,583805.0,584295.0,5170095.0,5170515.0
midday_afternoon,1,stable_core,124,28,0.1372,595957.5,5168157.5,595775.0,596335.0,5167645.0,5168485.0
midday_afternoon,2,coherent_june_activation,13,27,0.1323,589239.074074074,5169407.962962963,588915.0,589545.0,5169185.0,5169535.0
midday_afternoon,4,esi_watch_zone_exploratory,346,167,0.8183,585948.5928143712,5162385.778443114,585065.0,586745.0,5161905.0,5163165.0
midday_afternoon,4,esi_watch_zone_exploratory,318,118,0.5781999999999999,584640.2542372881,5163259.322033898,584085.0,585415.0,5162675.0,5163865.0
midday_afternoon,4,esi_watch_zone_exploratory,72,98,0.48019999999999996,598450.7142857143,5171349.285714285,597805.0,598995.0,5170865.0,5171985.0
midday_afternoon,4,esi_watch_zone_exploratory,270,91,0.44589999999999996,583290.3846153846,5164330.384615385,582615.0,583875.0,5163655.0,5164845.0
midday_afternoon,4,esi_watch_zone_exploratory,404,76,0.3724,583609.7368421053,5159308.552631579,582895.0,584295.0,5158895.0,5159805.0
midday_afternoon,4,esi_watch_zone_exploratory,372,68,0.3332,583689.7058823529,5161524.117647059,583315.0,584085.0,5161065.0,5161905.0
midday_afternoon,4,esi_watch_zone_exploratory,21,61,0.2989,586584.344262295,5175533.196721312,586045.0,587165.0,5175065.0,5175835.0
midday_afternoon,4,esi_watch_zone_exploratory,54,55,0.2695,597577.1818181818,5172793.181818182,597035.0,598015.0,5172475.0,5172965.0
midday_afternoon,4,esi_watch_zone_exploratory,174,55,0.2695,596961.1818181818,5168599.545454546,596545.0,597315.0,5168205.0,5168975.0
midday_afternoon,4,esi_watch_zone_exploratory,317,50,0.245,583516.6,5163323.2,583175.0,583875.0,5162885.0,5163865.0
midday_afternoon,5,demand_efficiency_watch_exploratory,89,3107,15.2243,592499.1937560347,5168548.669134213,588845.0,596545.0,5165195.0,5171565.0
midday_afternoon,5,demand_efficiency_watch_exploratory,338,1740,8.526,581720.6494252874,5162376.5344827585,579605.0,584015.0,5160085.0,5164705.0
midday_afternoon,5,demand_efficiency_watch_exploratory,158,618,3.0282,584185.6957928803,5167568.770226537,582405.0,585625.0,5166385.0,5169045.0
midday_afternoon,5,demand_efficiency_watch_exploratory,32,405,1.9845,599011.5925925926,5175859.888888889,598085.0,599835.0,5174785.0,5176885.0
midday_afternoon,5,demand_efficiency_watch_exploratory,303,346,1.6954,586131.9942196532,5164538.092485549,584855.0,587095.0,5162955.0,5165685.0
midday_afternoon,5,demand_efficiency_watch_exploratory,44,307,1.5043,596648.7459283387,5173579.039087947,595845.0,597945.0,5172895.0,5174995.0
midday_afternoon,5,demand_efficiency_watch_exploratory,58,296,1.4504,599284.222972973,5173523.581081081,598505.0,600185.0,5172055.0,5174435.0
midday_afternoon,5,demand_efficiency_watch_exploratory,276,254,1.2446,590428.8188976378,5165347.677165355,589475.0,591085.0,5164355.0,5166105.0
midday_afternoon,5,demand_efficiency_watch_exploratory,299,181,0.8869,593678.8674033149,5165089.806629835,592765.0,594515.0,5164425.0,5165755.0
midday_afternoon,5,demand_efficiency_watch_exploratory,112,171,0.8379,586000.3801169591,5170014.766081871,585065.0,587445.0,5169255.0,5170585.0
midday_afternoon,6,efficient_activation_support,53,134,0.6566,597227.2388059702,5169388.731343283,596685.0,597735.0,5168555.0,5170305.0
midday_afternoon,6,efficient_activation_support,57,115,0.5635,599979.8695652174,5169246.478260869,599555.0,600535.0,5168695.0,5169955.0
midday_afternoon,6,efficient_activation_support,85,61,0.2989,581203.524590164,5164351.557377049,580795.0,581635.0,5164005.0,5164635.0
midday_afternoon,6,efficient_activation_support,108,50,0.245,584993.6,5162945.2,584435.0,585415.0,5162535.0,5163445.0
midday_afternoon,6,efficient_activation_support,135,50,0.245,583326.2,5158924.4,582545.0,584015.0,5158685.0,5159245.0
midday_afternoon,6,efficient_activation_support,48,45,0.2205,598508.1111111111,5170614.555555556,598225.0,598855.0,5170305.0,5170935.0
midday_afternoon,6,efficient_activation_support,28,39,0.1911,597447.8205128205,5172248.846153846,597105.0,597735.0,5172055.0,5172475.0
midday_afternoon,6,efficient_activation_support,52,38,0.1862,599230.7894736842,5170098.684210527,598995.0,599625.0,5169815.0,5170375.0
midday_afternoon,6,efficient_activation_support,97,27,0.1323,583880.1851851852,5163810.555555556,583665.0,584155.0,5163585.0,5164005.0
midday_afternoon,6,efficient_activation_support,19,26,0.12739999999999999,587046.5384615385,5174666.538461538,586815.0,587235.0,5174505.0,5174855.0
midday_afternoon,7,product_disagreement_zone,81,7756,38.0044,586350.0631768953,5166549.043321299,579605.0,593185.0,5162255.0,5171705.0
midday_afternoon,7,product_disagreement_zone,70,4774,23.392599999999998,594639.7360703812,5169115.997067449,588775.0,600185.0,5163515.0,5172615.0
midday_afternoon,7,product_disagreement_zone,13,1526,7.477399999999999,598065.1376146789,5175390.091743119,596335.0,600045.0,5173035.0,5178915.0
midday_afternoon,7,product_disagreement_zone,299,729,3.5721,583115.7544581619,5161015.260631002,580935.0,584645.0,5159035.0,5163655.0
midday_afternoon,7,product_disagreement_zone,29,509,2.4941,586262.9764243615,5175231.679764244,585135.0,587655.0,5174085.0,5176675.0
midday_afternoon,7,product_disagreement_zone,58,364,1.7835999999999999,598619.0384615385,5172438.653846154,597735.0,599485.0,5171145.0,5173385.0
midday_afternoon,7,product_disagreement_zone,334,290,1.421,580239.8275862068,5161251.586206896,579465.0,581075.0,5160435.0,5162045.0
midday_afternoon,7,product_disagreement_zone,151,166,0.8134,592237.469879518,5167910.240963856,591365.0,593115.0,5167365.0,5168835.0
midday_afternoon,7,product_disagreement_zone,1,156,0.7644,598334.0384615385,5179788.653846154,597665.0,599065.0,5178985.0,5180385.0
midday_afternoon,7,product_disagreement_zone,301,126,0.6174,582052.2222222222,5163065.0,581425.0,582685.0,5162535.0,5163515.0
midday_afternoon,8,high_variability_zone,10,125,0.6124999999999999,597757.96,5177023.32,597035.0,598155.0,5176395.0,5177795.0
midday_afternoon,8,high_variability_zone,67,107,0.5243,593234.7196261683,5170976.869158879,592695.0,593675.0,5170445.0,5171495.0
midday_afternoon,8,high_variability_zone,153,91,0.44589999999999996,586221.9230769231,5167017.307692308,585695.0,586745.0,5166315.0,5167575.0
midday_afternoon,8,high_variability_zone,159,87,0.4263,592945.2298850574,5166714.08045977,592485.0,593395.0,5166455.0,5167155.0
midday_afternoon,8,high_variability_zone,173,76,0.3724,582883.947368421,5166295.657894737,582405.0,583245.0,5165895.0,5166665.0
midday_afternoon,8,high_variability_zone,62,62,0.3038,592615.9677419355,5171823.548387097,592205.0,592975.0,5171565.0,5172125.0
midday_afternoon,8,high_variability_zone,77,52,0.25479999999999997,597434.8076923077,5170768.076923077,597105.0,597805.0,5170445.0,5171005.0
midday_afternoon,8,high_variability_zone,247,51,0.24989999999999998,589439.3137254902,5163694.803921568,589265.0,589615.0,5163305.0,5164145.0
midday_afternoon,8,high_variability_zone,95,50,0.245,587505.2,5169785.6,587165.0,587795.0,5169465.0,5170025.0
midday_afternoon,8,high_variability_zone,92,46,0.2254,595543.695652174,5169891.0869565215,595145.0,595985.0,5169675.0,5170165.0
daytime_evening,1,stable_core,73,42,0.20579999999999998,588091.6666666666,5169246.666666667,587865.0,588495.0,5168905.0,5169535.0
daytime_evening,1,stable_core,15,13,0.06369999999999999,599248.0769230769,5177983.461538462,599065.0,599415.0,5177865.0,5178075.0
daytime_evening,1,stable_core,61,12,0.0588,589434.1666666666,5169791.666666667,589265.0,589615.0,5169605.0,5169885.0
daytime_evening,1,stable_core,134,10,0.049,588838.0,5166280.0,588775.0,588985.0,5166175.0,5166385.0
daytime_evening,1,stable_core,152,10,0.049,586199.0,5165223.0,586115.0,586255.0,5165055.0,5165335.0
daytime_evening,2,coherent_june_activation,13,39,0.1911,586276.5384615385,5170863.205128205,585835.0,586605.0,5170655.0,5171285.0
daytime_evening,2,coherent_june_activation,24,13,0.06369999999999999,592054.2307692308,5168334.230769231,591925.0,592205.0,5168135.0,5168485.0
daytime_evening,4,esi_watch_zone_exploratory,193,3685,18.0565,584638.9023066486,5163101.439620081,581495.0,588775.0,5158615.0,5167365.0
daytime_evening,4,esi_watch_zone_exploratory,23,2287,11.206299999999999,597842.127240927,5171151.85614342,595425.0,600535.0,5167645.0,5176465.0
daytime_evening,4,esi_watch_zone_exploratory,205,641,3.1409,581120.8658346334,5164245.468018721,579885.0,581915.0,5162325.0,5167085.0
daytime_evening,4,esi_watch_zone_exploratory,27,591,2.8958999999999997,586495.0846023689,5175139.263959391,585205.0,587655.0,5174085.0,5176325.0
daytime_evening,4,esi_watch_zone_exploratory,201,524,2.5676,593438.4160305343,5166265.5725190835,591925.0,595005.0,5165195.0,5167225.0
daytime_evening,4,esi_watch_zone_exploratory,83,510,2.499,594881.3333333334,5170531.607843137,593465.0,597245.0,5169325.0,5171495.0
daytime_evening,4,esi_watch_zone_exploratory,111,407,1.9943,586747.9238329239,5168585.27027027,585485.0,588005.0,5166945.0,5169955.0
daytime_evening,4,esi_watch_zone_exploratory,130,350,1.7149999999999999,583720.0,5168178.8,582825.0,584645.0,5167155.0,5169115.0
daytime_evening,4,esi_watch_zone_exploratory,64,302,1.4798,590370.1655629139,5172122.682119206,588985.0,591715.0,5171495.0,5172685.0
daytime_evening,4,esi_watch_zone_exploratory,97,222,1.0877999999999999,592582.7477477477,5170135.990990991,591715.0,593535.0,5169395.0,5170935.0
daytime_evening,5,demand_efficiency_watch_exploratory,59,5517,27.0333,592012.1669385536,5167569.176182708,587375.0,597035.0,5163725.0,5171985.0
daytime_evening,5,demand_efficiency_watch_exploratory,84,2418,11.8482,584352.0016542597,5167370.789909015,580235.0,586955.0,5163515.0,5171075.0
daytime_evening,5,demand_efficiency_watch_exploratory,305,1183,5.7966999999999995,581402.2781065089,5161971.627218935,579395.0,583595.0,5160295.0,5164005.0
daytime_evening,5,demand_efficiency_watch_exploratory,19,1114,5.4586,598609.4973070018,5174562.307001796,596125.0,600185.0,5172615.0,5176885.0
daytime_evening,5,demand_efficiency_watch_exploratory,247,145,0.7105,582850.5862068966,5165577.827586207,582055.0,583595.0,5164775.0,5166175.0
daytime_evening,5,demand_efficiency_watch_exploratory,275,114,0.5586,580088.8596491228,5164408.421052632,579605.0,580725.0,5163865.0,5165125.0
daytime_evening,5,demand_efficiency_watch_exploratory,87,111,0.5438999999999999,586344.5495495496,5170400.225225225,585765.0,586885.0,5169885.0,5170865.0
daytime_evening,5,demand_efficiency_watch_exploratory,1,88,0.43119999999999997,598519.3181818182,5179860.0,598085.0,598995.0,5179405.0,5180385.0
daytime_evening,5,demand_efficiency_watch_exploratory,205,81,0.3969,586757.9629629629,5166488.703703703,586395.0,587165.0,5165825.0,5167225.0
daytime_evening,5,demand_efficiency_watch_exploratory,65,77,0.37729999999999997,585590.4545454546,5171205.0,585345.0,586115.0,5170655.0,5171705.0
daytime_evening,6,efficient_activation_support,436,102,0.49979999999999997,580784.7058823529,5160943.529411765,580165.0,581355.0,5160295.0,5161555.0
daytime_evening,6,efficient_activation_support,3,88,0.43119999999999997,598379.3181818182,5178883.181818182,597945.0,598785.0,5178145.0,5179475.0
daytime_evening,6,efficient_activation_support,242,88,0.43119999999999997,593049.7727272727,5167369.7727272725,592205.0,593815.0,5166945.0,5167855.0
daytime_evening,6,efficient_activation_support,129,85,0.4165,586344.7647058824,5170030.764705882,585415.0,587235.0,5169745.0,5170445.0
daytime_evening,6,efficient_activation_support,139,85,0.4165,590664.1764705882,5169662.647058823,590245.0,591155.0,5169185.0,5170025.0
daytime_evening,6,efficient_activation_support,342,45,0.2205,583535.8888888889,5165524.777777778,583245.0,583875.0,5165195.0,5165825.0
daytime_evening,6,efficient_activation_support,113,43,0.2107,598715.0,5171175.930232558,598505.0,598925.0,5170865.0,5171425.0
daytime_evening,6,efficient_activation_support,400,38,0.1862,588973.947368421,5163826.315789473,588705.0,589265.0,5163445.0,5164215.0
daytime_evening,6,efficient_activation_support,255,32,0.1568,583245.0,5167428.4375,582895.0,583665.0,5167225.0,5167575.0
daytime_evening,6,efficient_activation_support,272,31,0.1519,583412.0967741936,5166875.0,583035.0,583665.0,5166595.0,5167225.0
daytime_evening,7,product_disagreement_zone,11,936,4.5864,598088.3653846154,5175717.735042735,596475.0,599625.0,5173665.0,5178705.0
daytime_evening,7,product_disagreement_zone,282,670,3.283,587990.5820895522,5165389.432835821,586675.0,589055.0,5163305.0,5167925.0
daytime_evening,7,product_disagreement_zone,181,584,2.8615999999999997,597801.7636986302,5168467.7397260275,596195.0,599415.0,5166665.0,5170165.0
daytime_evening,7,product_disagreement_zone,327,516,2.5284,582057.1705426356,5164792.5,581355.0,583455.0,5163655.0,5166875.0
daytime_evening,7,product_disagreement_zone,237,446,2.1854,585959.3049327354,5167260.313901345,585205.0,586815.0,5165545.0,5168835.0
daytime_evening,7,product_disagreement_zone,310,336,1.6463999999999999,589862.9166666666,5166528.541666667,588705.0,590875.0,5165685.0,5167295.0
daytime_evening,7,product_disagreement_zone,121,333,1.6317,593540.8858858859,5171132.177177177,592205.0,594585.0,5169815.0,5172125.0
daytime_evening,7,product_disagreement_zone,430,255,1.2495,590699.0392156863,5164332.215686275,589265.0,592135.0,5163305.0,5165265.0
daytime_evening,7,product_disagreement_zone,187,238,1.1662,587334.4117647059,5169403.235294118,586255.0,588075.0,5168625.0,5170025.0
daytime_evening,7,product_disagreement_zone,221,233,1.1417,588619.3776824034,5168298.13304721,588075.0,589265.0,5167575.0,5169255.0
daytime_evening,8,high_variability_zone,25,52,0.25479999999999997,593318.2692307692,5170953.846153846,592905.0,593605.0,5170655.0,5171285.0
daytime_evening,8,high_variability_zone,40,35,0.17149999999999999,595515.0,5169871.0,595145.0,595845.0,5169675.0,5170025.0
daytime_evening,8,high_variability_zone,2,33,0.16169999999999998,597813.4848484849,5177604.090909091,597595.0,598015.0,5177375.0,5177865.0
daytime_evening,8,high_variability_zone,22,33,0.16169999999999998,592487.1212121212,5171794.090909091,592275.0,592695.0,5171635.0,5171985.0
daytime_evening,8,high_variability_zone,55,33,0.16169999999999998,582735.9090909091,5166331.96969697,582475.0,583175.0,5166175.0,5166595.0
daytime_evening,8,high_variability_zone,96,32,0.1568,587495.3125,5163068.75,587235.0,587725.0,5162815.0,5163375.0
daytime_evening,8,high_variability_zone,104,31,0.1519,583850.1612903225,5162417.580645162,583525.0,584015.0,5162115.0,5162745.0
daytime_evening,8,high_variability_zone,72,18,0.0882,585026.1111111111,5164716.666666667,584925.0,585135.0,5164425.0,5164985.0
daytime_evening,8,high_variability_zone,83,14,0.0686,589480.0,5163970.0,589405.0,589615.0,5163725.0,5164145.0
daytime_evening,8,high_variability_zone,3,13,0.06369999999999999,597853.4615384615,5177046.538461538,597735.0,598015.0,5176885.0,5177235.0
all_available_timebin,1,stable_core,71,45,0.2205,588098.3333333334,5169220.777777778,587865.0,588495.0,5168765.0,5169535.0
all_available_timebin,1,stable_core,59,15,0.0735,589451.6666666666,5169787.0,589265.0,589615.0,5169605.0,5169885.0
all_available_timebin,1,stable_core,51,13,0.06369999999999999,589539.6153846154,5170428.846153846,589335.0,589755.0,5170305.0,5170585.0
all_available_timebin,1,stable_core,14,12,0.0588,599251.6666666666,5177987.5,599065.0,599415.0,5177865.0,5178075.0
all_available_timebin,1,stable_core,146,10,0.049,588838.0,5166280.0,588775.0,588985.0,5166175.0,5166385.0
all_available_timebin,1,stable_core,165,10,0.049,586199.0,5165223.0,586115.0,586255.0,5165055.0,5165335.0
all_available_timebin,2,coherent_june_activation,9,32,0.1568,586224.375,5170924.0625,585975.0,586465.0,5170655.0,5171355.0
all_available_timebin,2,coherent_june_activation,20,13,0.06369999999999999,592054.2307692308,5168334.230769231,591925.0,592205.0,5168135.0,5168485.0
all_available_timebin,4,esi_watch_zone_exploratory,192,3838,18.8062,584674.5466388745,5163076.469515373,581495.0,589125.0,5158545.0,5167365.0
all_available_timebin,4,esi_watch_zone_exploratory,23,2288,11.2112,597842.0192307692,5171153.872377622,595425.0,600535.0,5167645.0,5176465.0
all_available_timebin,4,esi_watch_zone_exploratory,204,641,3.1409,581120.8658346334,5164245.468018721,579885.0,581915.0,5162325.0,5167085.0
all_available_timebin,4,esi_watch_zone_exploratory,27,601,2.9449,586489.1098169717,5175132.204658902,585205.0,587655.0,5174085.0,5176325.0
all_available_timebin,4,esi_watch_zone_exploratory,200,532,2.6068,593428.6842105263,5166277.105263158,591925.0,595005.0,5165195.0,5167225.0
all_available_timebin,4,esi_watch_zone_exploratory,83,511,2.5039,594878.9726027397,5170530.616438356,593465.0,597245.0,5169325.0,5171495.0
all_available_timebin,4,esi_watch_zone_exploratory,110,406,1.9893999999999998,586750.6896551724,5168583.1034482755,585485.0,588005.0,5166945.0,5169955.0
all_available_timebin,4,esi_watch_zone_exploratory,129,350,1.7149999999999999,583720.0,5168178.8,582825.0,584645.0,5167155.0,5169115.0
all_available_timebin,4,esi_watch_zone_exploratory,64,311,1.5239,590368.344051447,5172131.302250803,588985.0,591715.0,5171495.0,5172685.0
all_available_timebin,4,esi_watch_zone_exploratory,97,231,1.1319,592601.6666666666,5170143.181818182,591715.0,593535.0,5169395.0,5170935.0
all_available_timebin,5,demand_efficiency_watch_exploratory,69,5289,25.9161,592083.8731329173,5167490.759122708,587865.0,596615.0,5163725.0,5171985.0
all_available_timebin,5,demand_efficiency_watch_exploratory,102,1465,7.1785,585200.3651877133,5166987.668941979,583385.0,587095.0,5163515.0,5170795.0
all_available_timebin,5,demand_efficiency_watch_exploratory,329,1063,5.208699999999999,581597.6622765757,5162053.494825964,579395.0,583595.0,5159945.0,5164005.0
all_available_timebin,5,demand_efficiency_watch_exploratory,125,700,3.4299999999999997,582122.1,5167512.7,580235.0,583805.0,5164985.0,5170305.0
all_available_timebin,5,demand_efficiency_watch_exploratory,23,426,2.0874,599035.7511737089,5175754.319248826,598085.0,599835.0,5174505.0,5176885.0
all_available_timebin,5,demand_efficiency_watch_exploratory,33,294,1.4405999999999999,599212.1428571428,5173724.047619048,598225.0,600185.0,5172615.0,5174435.0
all_available_timebin,5,demand_efficiency_watch_exploratory,37,264,1.2935999999999999,597055.4166666666,5173519.696969697,596125.0,598085.0,5172965.0,5174015.0
all_available_timebin,5,demand_efficiency_watch_exploratory,180,205,1.0045,586599.8780487805,5167306.268292683,585835.0,587165.0,5165825.0,5168695.0
all_available_timebin,5,demand_efficiency_watch_exploratory,271,149,0.7301,582862.1140939597,5165566.140939597,582055.0,583595.0,5164775.0,5166175.0
all_available_timebin,5,demand_efficiency_watch_exploratory,299,114,0.5586,580088.8596491228,5164408.421052632,579605.0,580725.0,5163865.0,5165125.0
all_available_timebin,6,efficient_activation_support,439,96,0.4704,580771.6666666666,5160911.145833333,580165.0,581355.0,5160295.0,5161345.0
all_available_timebin,6,efficient_activation_support,241,89,0.4361,593049.7191011236,5167373.651685393,592205.0,593815.0,5166945.0,5167855.0
all_available_timebin,6,efficient_activation_support,138,85,0.4165,590664.1764705882,5169662.647058823,590245.0,591155.0,5169185.0,5170025.0
all_available_timebin,6,efficient_activation_support,3,84,0.41159999999999997,598378.3333333334,5178870.0,597945.0,598785.0,5178145.0,5179475.0
all_available_timebin,6,efficient_activation_support,404,56,0.2744,588985.0,5163700.0,588705.0,589265.0,5163235.0,5164215.0
all_available_timebin,6,efficient_activation_support,129,53,0.2597,585971.037735849,5169999.905660378,585415.0,586675.0,5169815.0,5170305.0
all_available_timebin,6,efficient_activation_support,346,45,0.2205,583535.8888888889,5165524.777777778,583245.0,583875.0,5165195.0,5165825.0
all_available_timebin,6,efficient_activation_support,110,43,0.2107,598715.0,5171175.930232558,598505.0,598925.0,5170865.0,5171425.0
all_available_timebin,6,efficient_activation_support,255,32,0.1568,583245.0,5167428.4375,582895.0,583665.0,5167225.0,5167575.0
all_available_timebin,6,efficient_activation_support,272,31,0.1519,583412.0967741936,5166875.0,583035.0,583665.0,5166595.0,5167225.0
all_available_timebin,7,product_disagreement_zone,4,1138,5.5762,598210.8523725835,5175874.920913884,596475.0,600045.0,5173525.0,5180105.0
all_available_timebin,7,product_disagreement_zone,167,628,3.0772,597737.4522292993,5168391.703821656,596195.0,599415.0,5166665.0,5170165.0
all_available_timebin,7,product_disagreement_zone,321,531,2.6019,588088.9736346516,5165190.913370999,586675.0,589055.0,5163655.0,5166735.0
all_available_timebin,7,product_disagreement_zone,315,513,2.5137,582049.8148148148,5164796.5594541915,581355.0,583385.0,5163655.0,5166875.0
all_available_timebin,7,product_disagreement_zone,214,466,2.2834,585936.2446351931,5167319.635193133,585205.0,586815.0,5165545.0,5168905.0
all_available_timebin,7,product_disagreement_zone,112,378,1.8521999999999998,593487.9629629629,5171128.333333333,592205.0,594585.0,5169815.0,5172125.0
all_available_timebin,7,product_disagreement_zone,203,328,1.6072,588652.2865853659,5168029.146341464,588075.0,589265.0,5166735.0,5169255.0
all_available_timebin,7,product_disagreement_zone,133,323,1.5827,585248.7770897833,5170491.160990712,584295.0,586185.0,5169395.0,5171425.0
all_available_timebin,7,product_disagreement_zone,171,245,1.2005,587346.4285714285,5169395.857142857,586255.0,588075.0,5168625.0,5170025.0
all_available_timebin,7,product_disagreement_zone,303,243,1.1906999999999999,589899.6090534979,5166478.04526749,588775.0,590735.0,5165755.0,5167155.0
all_available_timebin,8,high_variability_zone,79,37,0.1813,583789.8648648649,5162423.378378378,583385.0,584015.0,5162115.0,5162675.0
all_available_timebin,8,high_variability_zone,35,31,0.1519,595508.5483870967,5169869.193548387,595145.0,595845.0,5169675.0,5170025.0
all_available_timebin,8,high_variability_zone,74,25,0.1225,587470.2,5163039.0,587235.0,587655.0,5162815.0,5163305.0
all_available_timebin,8,high_variability_zone,3,24,0.1176,597819.5833333334,5177570.416666667,597665.0,598015.0,5177445.0,5177725.0
all_available_timebin,8,high_variability_zone,21,22,0.10779999999999999,592523.1818181818,5171784.545454546,592345.0,592625.0,5171635.0,5171985.0
all_available_timebin,8,high_variability_zone,54,21,0.10289999999999999,582778.3333333334,5166291.666666667,582475.0,583175.0,5166175.0,5166385.0
all_available_timebin,8,high_variability_zone,26,16,0.0784,593333.75,5170904.375,593185.0,593535.0,5170725.0,5171075.0
all_available_timebin,8,high_variability_zone,67,13,0.06369999999999999,589469.6153846154,5163961.923076923,589405.0,589615.0,5163725.0,5164145.0
all_available_timebin,8,high_variability_zone,68,12,0.0588,595728.3333333334,5164005.0,595635.0,595845.0,5163865.0,5164145.0
all_available_timebin,8,high_variability_zone,22,10,0.049,591799.0,5171348.0,591715.0,591925.0,5171215.0,5171495.0
phase1_all_scene,1,stable_core,69,33,0.16169999999999998,588123.7878787878,5169201.96969697,587865.0,588495.0,5168835.0,5169535.0
phase1_all_scene,1,stable_core,160,12,0.0588,586190.8333333334,5165212.5,586045.0,586255.0,5165055.0,5165335.0
phase1_all_scene,1,stable_core,157,10,0.049,585779.0,5165342.0,585625.0,585905.0,5165195.0,5165475.0
phase1_all_scene,2,coherent_june_activation,7,20,0.098,586346.0,5170844.0,586185.0,586535.0,5170585.0,5171145.0
phase1_all_scene,2,coherent_june_activation,16,15,0.0735,589101.6666666666,5169521.0,588985.0,589265.0,5169395.0,5169675.0
phase1_all_scene,2,coherent_june_activation,13,10,0.049,586871.0,5170746.0,586745.0,586955.0,5170585.0,5170865.0
phase1_all_scene,4,esi_watch_zone_exploratory,80,4470,21.903,584836.004474273,5163560.053691275,580305.0,589265.0,5158615.0,5169955.0
phase1_all_scene,4,esi_watch_zone_exploratory,5,3093,15.1557,597827.6996443582,5172342.423213708,595495.0,600255.0,5167645.0,5179335.0
phase1_all_scene,4,esi_watch_zone_exploratory,162,1181,5.7869,581398.3869602032,5164465.779000847,579815.0,583175.0,5162325.0,5167505.0
phase1_all_scene,4,esi_watch_zone_exploratory,60,605,2.9644999999999997,594378.7024793389,5170396.752066116,592345.0,596125.0,5169395.0,5171495.0
phase1_all_scene,4,esi_watch_zone_exploratory,16,572,2.8028,586422.7797202797,5175208.793706294,585135.0,587655.0,5174155.0,5176395.0
phase1_all_scene,4,esi_watch_zone_exploratory,175,504,2.4696,593371.5277777778,5166294.722222222,591925.0,595005.0,5165265.0,5167225.0
phase1_all_scene,4,esi_watch_zone_exploratory,78,424,2.0776,583864.4339622641,5168329.976415094,582825.0,584785.0,5167155.0,5170095.0
phase1_all_scene,4,esi_watch_zone_exploratory,51,368,1.8032,591910.5434782609,5170703.125,590735.0,593255.0,5169465.0,5171985.0
phase1_all_scene,4,esi_watch_zone_exploratory,46,298,1.4602,590462.2818791947,5172081.073825504,588915.0,591645.0,5171215.0,5172615.0
phase1_all_scene,4,esi_watch_zone_exploratory,251,124,0.6076,595350.4838709678,5164565.0,595005.0,595705.0,5163725.0,5165405.0
phase1_all_scene,5,demand_efficiency_watch_exploratory,90,4352,21.3248,592309.0188419118,5167782.12086397,588145.0,596825.0,5164215.0,5171845.0
phase1_all_scene,5,demand_efficiency_watch_exploratory,114,1076,5.2724,584041.0223048327,5168340.576208179,582055.0,586255.0,5166245.0,5170795.0
phase1_all_scene,5,demand_efficiency_watch_exploratory,314,319,1.5631,586265.0940438871,5164910.172413793,585065.0,587165.0,5163585.0,5165825.0
phase1_all_scene,5,demand_efficiency_watch_exploratory,230,276,1.3524,581209.4202898551,5166351.521739131,580305.0,582335.0,5165055.0,5167715.0
phase1_all_scene,5,demand_efficiency_watch_exploratory,368,252,1.2348,582279.4444444445,5162916.111111111,581215.0,583105.0,5161975.0,5164145.0
phase1_all_scene,5,demand_efficiency_watch_exploratory,306,249,1.2201,583161.7871485944,5165178.413654619,582475.0,583805.0,5163935.0,5166105.0
phase1_all_scene,5,demand_efficiency_watch_exploratory,54,224,1.0976,597071.875,5173556.25,596195.0,598085.0,5172965.0,5174015.0
phase1_all_scene,5,demand_efficiency_watch_exploratory,51,174,0.8526,599464.4827586206,5173506.8965517245,598575.0,600115.0,5172475.0,5174435.0
phase1_all_scene,5,demand_efficiency_watch_exploratory,198,150,0.735,586532.2,5167732.733333333,585835.0,586955.0,5166665.0,5168695.0
phase1_all_scene,5,demand_efficiency_watch_exploratory,33,147,0.7202999999999999,598590.2380952381,5175062.619047619,598085.0,599205.0,5174575.0,5175765.0
phase1_all_scene,6,efficient_activation_support,28,232,1.1368,599140.4310344828,5176150.6034482755,598435.0,599695.0,5175485.0,5176955.0
phase1_all_scene,6,efficient_activation_support,131,219,1.0731,590765.6849315069,5169089.109589041,590245.0,591435.0,5167785.0,5170165.0
phase1_all_scene,6,efficient_activation_support,459,158,0.7742,581218.1012658228,5160983.481012658,580305.0,582055.0,5160365.0,5161485.0
phase1_all_scene,6,efficient_activation_support,176,109,0.5341,584706.0091743119,5168631.422018348,584225.0,585135.0,5168065.0,5169115.0
phase1_all_scene,6,efficient_activation_support,345,98,0.48019999999999996,589218.5714285715,5165783.571428572,588425.0,590105.0,5165405.0,5166105.0
phase1_all_scene,6,efficient_activation_support,367,94,0.4606,590283.7234042553,5164820.425531914,589965.0,590665.0,5164215.0,5165615.0
phase1_all_scene,6,efficient_activation_support,430,88,0.43119999999999997,580606.4772727273,5162402.159090909,579885.0,581425.0,5161835.0,5163095.0
phase1_all_scene,6,efficient_activation_support,371,64,0.3136,589191.71875,5165128.28125,588845.0,589545.0,5164565.0,5165545.0
phase1_all_scene,6,efficient_activation_support,118,62,0.3038,586488.7096774194,5170010.322580645,585835.0,587165.0,5169605.0,5170515.0
phase1_all_scene,6,efficient_activation_support,246,58,0.2842,593300.8620689656,5167352.931034483,592765.0,593815.0,5167155.0,5167715.0
phase1_all_scene,7,product_disagreement_zone,56,190,0.9309999999999999,585312.2105263158,5170639.157894737,584575.0,586255.0,5169955.0,5171215.0
phase1_all_scene,7,product_disagreement_zone,152,165,0.8085,590114.3333333334,5166621.7272727275,589265.0,590735.0,5166035.0,5167155.0
phase1_all_scene,7,product_disagreement_zone,47,154,0.7545999999999999,593493.1818181818,5171432.7272727275,592695.0,594235.0,5170865.0,5172125.0
phase1_all_scene,7,product_disagreement_zone,107,101,0.4949,588616.9801980198,5168196.683168317,588075.0,589055.0,5167505.0,5168905.0
phase1_all_scene,7,product_disagreement_zone,58,79,0.3871,597213.9873417722,5170709.936708861,596825.0,597595.0,5170305.0,5171075.0
phase1_all_scene,7,product_disagreement_zone,38,66,0.32339999999999997,597694.696969697,5173990.606060606,597035.0,598225.0,5173735.0,5174225.0
phase1_all_scene,7,product_disagreement_zone,13,64,0.3136,599234.53125,5178026.875,598995.0,599415.0,5177445.0,5178705.0
phase1_all_scene,7,product_disagreement_zone,30,64,0.3136,599478.4375,5174719.375,599065.0,599975.0,5174225.0,5175415.0
phase1_all_scene,7,product_disagreement_zone,114,58,0.2842,590137.5862068966,5168320.862068965,589755.0,590525.0,5168135.0,5168555.0
phase1_all_scene,7,product_disagreement_zone,77,46,0.2254,589447.6086956522,5169941.304347826,589055.0,589755.0,5169605.0,5170235.0
phase1_all_scene,8,high_variability_zone,3,22,0.10779999999999999,592523.1818181818,5171784.545454546,592345.0,592625.0,5171635.0,5171985.0
phase1_all_scene,8,high_variability_zone,6,11,0.053899999999999997,583919.5454545454,5162515.909090909,583805.0,584015.0,5162395.0,5162675.0
phase1_all_scene,9,seasonal_activation_zone,361,452,2.2148,588173.0309734513,5164529.53539823,587025.0,589055.0,5162675.0,5166665.0
phase1_all_scene,9,seasonal_activation_zone,231,426,2.0874,585983.3802816902,5167297.79342723,585205.0,587025.0,5165615.0,5168905.0
phase1_all_scene,9,seasonal_activation_zone,206,406,1.9893999999999998,597689.4827586206,5168294.482758621,596265.0,598855.0,5166805.0,5169535.0
phase1_all_scene,9,seasonal_activation_zone,181,202,0.9898,587350.396039604,5169220.346534654,586255.0,588075.0,5168625.0,5169885.0
phase1_all_scene,9,seasonal_activation_zone,49,201,0.9849,597953.3582089553,5174577.089552239,597175.0,598645.0,5173805.0,5175485.0
phase1_all_scene,9,seasonal_activation_zone,456,191,0.9359,581897.0418848167,5164357.565445026,581425.0,582965.0,5163725.0,5165125.0
phase1_all_scene,9,seasonal_activation_zone,121,152,0.7448,593546.5131578947,5170747.565789473,592695.0,594725.0,5170235.0,5171145.0
phase1_all_scene,9,seasonal_activation_zone,113,141,0.6909,591352.0921985816,5171256.70212766,590455.0,592135.0,5170585.0,5171705.0
phase1_all_scene,9,seasonal_activation_zone,146,141,0.6909,595644.4326241135,5170039.397163121,594935.0,596335.0,5169535.0,5170725.0
phase1_all_scene,9,seasonal_activation_zone,581,139,0.6810999999999999,580268.7410071943,5161550.971223022,579465.0,580935.0,5161275.0,5162045.0
